종목명,현재가,전일비,등락률,매수호가,매도호가,거래량,거래대금,전일거래량,조회일자,종목코드,매출액,영업이익,당기순이익,영업이익률,순이익률,상장주식수,외국인한도주식수(A),외국인보유주식수(B),외국인소진율(B/A),동일업종 PER,동일업종 등락률,코스피/코스닥,시가총액(억원),시가총액순위(전처리),52주최고,52주최저,52주차액,52주차액비율,현재-최고가,현재/최고가비율,목표주가,투자의견,매수매도,PBR,PPS,BPS,PER(배),EPS(원),PBR(배),BPS(원),배당수익률(%)
카이노스메드 *,11450.0,1520.0,+15.31%,9610.0,9930.0,125641.0,1413.0,0.0,2022-07-12,284620,,,,,,22322396,22322396,828098,3.71%,106.06,+0.27%,코스닥,2219,362,21510,8629,12881,2.4927569822690927,-10060.0,0.5323105532310554,,,,125.82배 , 79원, 79원,,-770.0,125.82,79.0,
일동제약,38350.0,2900.0,+8.18%,36600.0,36650.0,1291093.0,49785.0,6060869.0,2022-07-12,249420,1530.0,-60.0,-210.0,-3.92,-13.73,26803285,26803285,1088414,4.06%,106.06,+0.29%,코스피,1949,200,79500,12400,67100,6.411290322580645,-41150.0,0.48238993710691824,50000.0,4.0,매수,5.47배 ," 7,471원"," 7,471원",,-8637.0,5.47,7471.0,
이글벳 *,6640.0,470.0,+7.62%,6050.0,6150.0,362894.0,2395.0,31238.0,2022-07-12,044960,,,,,,12641883,12641883,139638,1.10%,106.06,+0.27%,코스닥,803,996,9700,5600,4100,1.7321428571428572,-3060.0,0.6845360824742268,,,,1.87배 ," 3,391원"," 3,391원",21.03,302.0,1.87,3391.0,0.79
애드바이오텍 *,5000.0,230.0,+4.82%,4715.0,4950.0,18666.0,91.0,54126.0,2022-07-12,179530,,,,,,9140444,9140444,270546,2.96%,106.06,+0.29%,코스닥,448,1357,11400,4485,6915,2.5418060200668897,-6400.0,0.43859649122807015,,,,,,,,-347.0,3.2,1530.0,
신풍제약우,48600.0,1600.0,+3.40%,48650.0,48700.0,2085.0,101.0,29385.0,2022-07-12,019175,,,,,,2200000,2200000,8518,0.39%,106.06,+0.27%,코스피,1032,794,135000,30950,104050,4.361873990306947,-86400.0,0.36,,,,6.91배 ," 6,792원"," 6,792원",,-333.0,6.91,6792.0,
국제약품,6000.0,170.0,+2.92%,5790.0,5830.0,128649.0,768.0,2115335.0,2022-07-12,002720,,,,,,20195149,20195149,265688,1.32%,106.06,+0.27%,코스피,1200,728,9051,4050,5001,2.234814814814815,-3051.0,0.6629101756711966,,,,1.62배 ," 3,660원"," 3,660원",,-13.0,1.62,3660.0,
지놈앤컴퍼니 *,19750.0,550.0,+2.86%,19100.0,19150.0,14122.0,274.0,286561.0,2022-07-12,314130,,,,,,14079521,14079521,83153,0.59%,106.06,+0.22%,코스닥,2823,253,57600,15350,42250,3.752442996742671,-37850.0,0.3428819444444444,,,,3.06배 ," 6,562원"," 6,562원",,-2584.0,3.06,6562.0,
현대약품,6010.0,160.0,+2.74%,5850.0,5860.0,820250.0,4969.0,5026102.0,2022-07-12,004310,,,,,,32000000,32000000,400690,1.25%,106.06,+0.29%,코스피,2051,575,7200,3780,3420,1.9047619047619047,-1190.0,0.8347222222222223,,,,,,,,-32.0,2.06,3115.0,0.47
대원제약,18800.0,500.0,+2.73%,18550.0,18600.0,148304.0,2775.0,697751.0,2022-07-12,003220,1115.0,97.0,54.0,8.74,4.8,21842836,21842836,3893057,17.82%,106.06,+0.22%,코스피,4117,362,23712,13341,10371,1.7773780076456038,-4912.0,0.7928475033738192,23200.0,4.0,매수,1.78배 ," 10,611원"," 10,611원",16.1,1171.0,1.78,10611.0,1.03
일동홀딩스,31250.0,800.0,+2.63%,31600.0,31650.0,406833.0,12970.0,3242445.0,2022-07-12,000230,,,,,,11540400,11540400,152070,1.32%,106.06,+0.29%,코스피,3641,407,59200,10950,48250,5.406392694063927,-27950.0,0.5278716216216216,,,,6.22배 ," 5,075원"," 5,075원",,-9723.0,6.22,5075.0,0.32
동화약품,11150.0,250.0,+2.29%,10900.0,10950.0,35622.0,394.0,184120.0,2022-07-12,000020,,,,,,27931470,27931470,1442994,5.17%,106.06,+0.29%,코스피,3086,445,21550,8920,12630,2.4159192825112106,-10400.0,0.5174013921113689,,,,0.88배 ," 12,519원"," 12,519원",17.48,632.0,0.88,12519.0,1.63
셀트리온,189500.0,3500.0,+1.88%,185000.0,185500.0,104962.0,19890.0,344098.0,2022-07-12,068270,5211.0,1686.0,1431.0,32.36,27.46,140767851,140767851,28971049,20.58%,106.06,+0.27%,코스피,263940,12,294935,139000,155935,2.1218345323741006,-105435.0,0.6425144523369556,210200.0,4.0,매수,6.92배 ," 27,110원"," 27,110원",52.29,3586.0,6.92,27110.0,0.39
이연제약,25950.0,450.0,+1.76%,25500.0,25550.0,118248.0,3095.0,715435.0,2022-07-12,102460,,,,,,17998577,17998577,247984,1.38%,106.06,+0.27%,코스피,4644,335,73000,19600,53400,3.7244897959183674,-47050.0,0.35547945205479453,,,,1.94배 ," 13,291원"," 13,291원",73.71,350.0,1.94,13291.0,0.97
종근당,90800.0,1500.0,+1.68%,89300.0,89700.0,4155.0,374.0,13263.0,2022-07-12,185750,,,,,,11988038,11988038,868273,7.24%,106.06,+0.22%,코스피,1813,200,137454,84200,53254,1.6324703087885986,-46654.0,0.6605846319495977,114444.0,4.0,매수,1.87배 ," 48,208원"," 48,208원",23.98,3762.0,1.87,48208.0,1.06
부광약품,9020.0,140.0,+1.58%,8680.0,8880.0,94223.0,849.0,396841.0,2022-07-12,003000,,,,,,71063049,71063049,5022085,7.07%,106.06,+0.29%,코스피,6431,285,23500,7880,15620,2.982233502538071,-14480.0,0.38382978723404254,,,,2.38배 ," 3,801원"," 3,801원",3016.67,3.0,2.38,3801.0,1.11
KPX생명과학 *,5780.0,90.0,+1.58%,5690.0,5700.0,251860.0,1467.0,2783528.0,2022-07-12,114450,,,,,,15000000,15000000,80709,0.54%,106.06,+0.29%,코스닥,860,949,12700,3905,8795,3.2522407170294496,-6920.0,0.45511811023622045,,,,1.52배 ," 3,760원"," 3,760원",,-168.0,1.52,3760.0,
유나이티드제약,24500.0,350.0,+1.45%,24250.0,24350.0,9855.0,241.0,69168.0,2022-07-12,033270,,,,,,16244822,16244822,1417068,8.72%,106.06,+0.29%,코스피,4004,372,63400,20550,42850,3.0851581508515813,-38900.0,0.3864353312302839,,,,1.19배 ," 20,701원"," 20,701원",12.94,1905.0,1.19,20701.0,1.5
신풍제약,26000.0,350.0,+1.36%,26150.0,26200.0,178919.0,4713.0,1070194.0,2022-07-12,019170,,,,,,52984990,52984990,3258111,6.15%,106.06,+0.27%,코스피,13511,171,79000,19900,59100,3.969849246231156,-53000.0,0.3291139240506329,,,,3.75배 ," 6,792원"," 6,792원",,-333.0,3.75,6792.0,
바이오플러스 *,30400.0,400.0,+1.33%,30050.0,30250.0,51556.0,1560.0,434874.0,2022-07-12,099430,135.0,64.0,51.0,47.16,37.78,14482716,14482716,161205,1.11%,106.06,+0.29%,코스닥,4606,132,43000,20350,22650,2.113022113022113,-12600.0,0.7069767441860465,36333.0,4.0,매수,5.42배 ," 5,871원"," 5,871원",37.99,837.0,5.42,5871.0,
일양약품우,26000.0,300.0,+1.17%,25700.0,26000.0,199.0,5.0,2409.0,2022-07-12,007575,,,,,,445080,445080,1168,0.26%,106.06,+0.29%,코스피,114,1448,44500,24000,20500,1.8541666666666667,-18500.0,0.5842696629213483,,,,2.12배 ," 12,149원"," 12,149원",25.1,1024.0,2.12,12149.0,0.88
셀트리온헬스케어 *,72500.0,800.0,+1.12%,71100.0,71500.0,126241.0,9176.0,604127.0,2022-07-12,091990,4522.0,596.0,480.0,13.17,10.61,158154885,158154885,24365846,15.41%,106.06,+0.22%,코스닥,114504,1,123383,53800,69583,2.293364312267658,-50883.0,0.5876012092427644,85500.0,4.0,매수,5.53배 ," 13,091원"," 13,091원",69.55,1041.0,5.53,13091.0,0.35
삼일제약,7970.0,70.0,+0.89%,7750.0,7850.0,22571.0,179.0,401491.0,2022-07-12,000520,,,,,,13701645,13701645,423083,3.09%,106.06,+0.29%,코스피,1128,756,11700,6740,4960,1.7359050445103859,-3730.0,0.6811965811965812,,,,1.59배 ," 5,179원"," 5,179원",,-416.0,1.59,5179.0,0.97
티움바이오 *,16950.0,150.0,+0.89%,16900.0,16950.0,19458.0,333.0,76979.0,2022-07-12,321550,,,,,,23976226,23976226,37429,0.16%,106.06,+0.29%,코스닥,4100,155,27100,14800,12300,1.8310810810810811,-10150.0,0.6254612546125461,,,,5.12배 ," 3,342원"," 3,342원",,-1307.0,5.12,3342.0,
종근당바이오,29250.0,250.0,+0.86%,28900.0,29000.0,3015.0,87.0,24035.0,2022-07-12,063160,448.0,,,,,5485962,5485962,85105,1.55%,106.06,+0.27%,코스피,1618,642,61700,24900,36800,2.4779116465863456,-32450.0,0.4740680713128039,,,,1.01배 ," 29,223원"," 29,223원",,-1061.0,1.01,29223.0,0.34
에이비온 *,8650.0,70.0,+0.82%,8580.0,8610.0,4081.0,35.0,120653.0,2022-07-12,203400,,,,,,18824687,18824687,115575,0.61%,106.06,+0.29%,코스닥,1568,518,26450,6970,19480,3.7948350071736012,-17800.0,0.3270321361058601,,,,5.23배 ," 1,594원"," 1,594원",,-2695.0,5.23,1594.0,
대성미생물 *,12400.0,100.0,+0.81%,12450.0,12500.0,335.0,4.0,7243.0,2022-07-12,036480,,,,,,3800000,3800000,41825,1.10%,106.06,+0.27%,코스닥,464,1338,21050,10000,11050,2.105,-8650.0,0.5890736342042755,,,,1.21배 ," 10,118원"," 10,118원",18.05,676.0,1.21,10118.0,0.62
지엘팜텍 *,909.0,7.0,+0.78%,890.0,902.0,567.0,1.0,62688.0,2022-07-12,204840,,,,,,62104061,62104061,241661,0.39%,106.06,+0.29%,코스닥,553,1244,1535,801,734,1.916354556803995,-626.0,0.5921824104234528,,,,3.76배 , 237원, 237원,,-78.0,3.76,237.0,
팜젠사이언스,8320.0,60.0,+0.73%,8370.0,8380.0,83678.0,704.0,721938.0,2022-07-12,004720,,,,,,15477041,15477041,355740,2.30%,106.06,+0.29%,코스피,1299,705,15900,5870,10030,2.708688245315162,-7580.0,0.5232704402515723,,,,0.69배 ," 12,225원"," 12,225원",1.84,4557.0,0.69,12225.0,
바이넥스 *,15300.0,100.0,+0.66%,15200.0,15250.0,36806.0,563.0,318843.0,2022-07-12,053030,374.0,48.0,,12.72,,31761048,31761048,2377741,7.49%,106.06,+0.22%,코스닥,4875,123,21250,11400,9850,1.8640350877192982,-5950.0,0.72,19500.0,4.0,매수,2.61배 ," 5,888원"," 5,888원",38.76,396.0,2.61,5888.0,
한독,18100.0,100.0,+0.56%,18000.0,18800.0,282.0,5.0,15334.0,2022-07-12,002390,,,,,,13763533,13763533,192845,1.40%,106.06,+0.27%,코스피,2422,514,28150,16350,11800,1.7217125382262997,-10050.0,0.6429840142095915,,,,0.66배 ," 26,515원"," 26,515원",139.68,126.0,0.66,26515.0,1.99
에스티팜 *,96500.0,500.0,+0.52%,95100.0,95500.0,4722.0,455.0,70009.0,2022-07-12,237690,486.0,36.0,27.0,7.4,5.6,18808775,18808775,0,0.00%,106.06,+0.22%,코스닥,17850,16,150800,82100,68700,1.8367844092570036,-54300.0,0.639920424403183,141111.0,4.0,매수,5.67배 ," 16,744원"," 16,744원",173.18,548.0,5.67,16744.0,0.53
셀트리온제약 *,79200.0,400.0,+0.51%,75500.0,76500.0,26197.0,2085.0,144254.0,2022-07-12,068760,,,,,,37681053,37681053,2891231,7.67%,106.06,+0.29%,코스닥,29693,6,173597,71300,102297,2.4347405329593266,-94397.0,0.45622908229980935,,,,8.91배 ," 8,840원"," 8,840원",94.03,838.0,8.91,8840.0,
녹십자홀딩스,20300.0,100.0,+0.50%,19900.0,20250.0,11432.0,231.0,68298.0,2022-07-12,005250,,,,,,47028210,47028210,2661245,5.66%,106.06,+0.27%,코스피,9641,216,35100,18250,16850,1.9232876712328768,-14800.0,0.5783475783475783,,,,0.92배 ," 22,231원"," 22,231원",25.34,809.0,0.92,22231.0,1.95
보령,10800.0,50.0,+0.47%,10550.0,10700.0,11954.0,128.0,116036.0,2022-07-12,003850,1684.0,139.0,96.0,8.25,5.7,68690000,68690000,4805112,7.00%,106.06,+0.29%,코스피,7281,260,20200,9600,10600,2.1041666666666665,-9400.0,0.5346534653465347,16500.0,4.0,매수,1.46배 ," 7,266원"," 7,266원",20.7,512.0,1.46,7266.0,0.94
신일제약 *,9160.0,40.0,+0.44%,9120.0,9130.0,5179.0,47.0,40618.0,2022-07-12,012790,,,,,,11541464,11541464,200973,1.74%,106.06,+0.22%,코스닥,1058,781,18530,7520,11010,2.464095744680851,-9370.0,0.49433351322180247,,,,0.89배 ," 10,296원"," 10,296원",12.86,713.0,0.89,10296.0,1.06
일양약품,23700.0,100.0,+0.42%,24200.0,24250.0,12670.0,302.0,104310.0,2022-07-12,007570,,,,,,19085664,19085664,1957482,10.26%,106.06,+0.27%,코스피,4504,340,38200,20550,17650,1.8588807785888077,-14500.0,0.6204188481675392,,,,1.94배 ," 12,149원"," 12,149원",23.05,1024.0,1.94,12149.0,0.85
JW중외제약,24250.0,100.0,+0.41%,24150.0,24250.0,1781.0,43.0,59750.0,2022-07-12,001060,1659.0,156.0,100.0,9.4,6.03,22178081,22178081,1704253,7.68%,106.06,+0.22%,코스피,5345,311,31900,18200,13700,1.7527472527472527,-7650.0,0.7601880877742947,35667.0,4.0,매수,2.76배 ," 8,745원"," 8,745원",123.59,195.0,2.76,8745.0,1.31
아미노로직스 *,2640.0,10.0,+0.38%,2630.0,2635.0,185191.0,482.0,1954940.0,2022-07-12,074430,,,,,,87826844,87826844,1023791,1.17%,106.06,+0.27%,코스닥,2301,348,3335,1805,1530,1.8476454293628808,-695.0,0.7916041979010495,,,,3.67배 , 713원, 713원,29.77,88.0,3.67,713.0,
이수앱지스 *,8320.0,30.0,+0.36%,8290.0,8300.0,39460.0,329.0,489913.0,2022-07-12,086890,,,,,,33182668,33182668,154277,0.46%,106.06,+0.22%,코스닥,2870,247,16850,6220,10630,2.7090032154340835,-8530.0,0.4937685459940653,,,,4.31배 ," 2,007원"," 2,007원",,-21.0,4.31,2007.0,
SK바이오사이언스,147000.0,500.0,+0.34%,148000.0,148500.0,414740.0,61886.0,2640140.0,2022-07-12,302440,1404.0,574.0,448.0,40.91,31.89,76784046,76784046,3020944,3.93%,106.06,+0.22%,코스피,113256,29,362000,95100,266900,3.8065194532071502,-215000.0,0.40607734806629836,145571.0,4.0,매수,6.92배 ," 21,327원"," 21,327원",33.09,4457.0,6.92,21327.0,
명문제약,3280.0,10.0,+0.31%,3270.0,3290.0,6965.0,22.0,46957.0,2022-07-12,017180,,,,,,33953454,33953454,324052,0.95%,106.06,+0.22%,코스피,1120,759,6400,2850,3550,2.245614035087719,-3120.0,0.5125,,,,1.37배 ," 2,402원"," 2,402원",,-192.0,1.37,2402.0,
영진약품,3605.0,10.0,+0.28%,3560.0,3585.0,21919.0,79.0,399999.0,2022-07-12,003520,,,,,,182892731,182892731,8451454,4.62%,106.06,+0.22%,코스피,6648,278,5950,3335,2615,1.7841079460269864,-2345.0,0.6058823529411764,,,,6.43배 , 565원, 565원,,-62.0,6.43,565.0,
대화제약 *,7230.0,20.0,+0.28%,7120.0,7280.0,1200.0,9.0,40282.0,2022-07-12,067080,,,,,,18616650,18616650,210495,1.13%,106.06,+0.27%,코스닥,1340,622,12700,5940,6760,2.138047138047138,-5470.0,0.5692913385826772,,,,1.58배 ," 4,543원"," 4,543원",51.43,140.0,1.58,4543.0,2.08
삼진제약,24650.0,50.0,+0.20%,24600.0,24650.0,173.0,4.0,42028.0,2022-07-12,005500,,,,,,13900000,13900000,1044891,7.52%,106.06,+0.29%,코스피,3412,416,29500,23400,6100,1.2606837606837606,-4850.0,0.8355932203389831,,,,1.32배 ," 18,529원"," 18,529원",13.53,1815.0,1.32,18529.0,3.26
경남제약 *,2785.0,5.0,+0.18%,2880.0,2890.0,134818.0,379.0,440923.0,2022-07-12,053950,,,,,,30849565,30849565,959728,3.11%,106.06,+0.22%,코스닥,855,947,8612,2220,6392,3.879279279279279,-5827.0,0.3233859730608453,,,,0.88배 ," 3,134원"," 3,134원",,-414.0,0.88,3134.0,
화일약품 *,2735.0,5.0,+0.18%,2740.0,2745.0,64393.0,175.0,1834861.0,2022-07-12,061250,,,,,,68052006,68052006,1814695,2.67%,106.06,+0.27%,코스닥,1885,417,4095,1970,2125,2.0786802030456855,-1360.0,0.6678876678876678,,,,1.00배 ," 2,781원"," 2,781원",45.41,61.0,1.0,2781.0,
조아제약 *,2935.0,5.0,+0.17%,2935.0,2945.0,4867.0,14.0,137330.0,2022-07-12,034940,,,,,,30979827,30979827,406372,1.31%,106.06,+0.22%,코스닥,903,909,5420,2480,2940,2.185483870967742,-2485.0,0.5415129151291513,,,,1.85배 ," 1,574원"," 1,574원",,-260.0,1.85,1574.0,
에이프로젠제약,615.0,1.0,+0.16%,611.0,613.0,54592.0,33.0,1366458.0,2022-07-12,003060,,,,,,398575882,398575882,15090448,3.79%,106.06,+0.22%,코스피,2427,513,1365,521,844,2.619961612284069,-750.0,0.45054945054945056,,,,0.48배 ," 1,279원"," 1,279원",26.48,23.0,0.48,1279.0,
알리코제약 *,6270.0,10.0,+0.16%,6280.0,6320.0,2211.0,14.0,12451.0,2022-07-12,260660,,,,,,15327021,15327021,200361,1.31%,106.06,+0.22%,코스닥,963,860,9770,5410,4360,1.8059149722735675,-3500.0,0.6417604912998977,,,,1.14배 ," 5,527원"," 5,527원",17.02,369.0,1.14,5527.0,1.12
유유제약1우,8830.0,10.0,+0.11%,8550.0,9000.0,1975.0,17.0,10580.0,2022-07-12,000225,,,,,,2266930,2266930,16744,0.74%,106.06,+0.27%,코스피,197,1277,16000,7350,8650,2.17687074829932,-7170.0,0.551875,,,,1.37배 ," 6,335원"," 6,335원",,-142.0,1.37,6335.0,1.26
초록뱀헬스케어,984.0,1.0,+0.10%,983.0,993.0,8771.0,8.0,109350.0,2022-07-12,118000,,,,,,84704985,84704985,906638,1.07%,106.06,+0.29%,코스피,833,880,2155,860,1295,2.505813953488372,-1171.0,0.4566125290023202,,,,0.69배 ," 1,429원"," 1,429원",13.11,75.0,0.69,1429.0,
유유제약,6580.0,0.0,0.00%,6500.0,6540.0,8340.0,54.0,77272.0,2022-07-12,000220,,,,,,17232351,17232351,429912,2.49%,106.06,+0.22%,코스피,1130,758,11600,5500,6100,2.109090909090909,-5020.0,0.5672413793103448,,,,1.04배 ," 6,335원"," 6,335원",,-142.0,1.04,6335.0,1.6
유유제약2우B,17050.0,0.0,0.00%,16650.0,18400.0,0.0,0.0,425.0,2022-07-12,000227,,,,,,325560,325560,459,0.14%,106.06,+0.22%,코스피,54,1741,33500,15050,18450,2.2259136212624586,-16450.0,0.508955223880597,,,,2.64배 ," 6,335원"," 6,335원",,-142.0,2.64,6335.0,0.66
동아쏘시오홀딩스,103000.0,0.0,0.00%,103000.0,103500.0,37.0,3.0,1834.0,2022-07-12,000640,2441.0,192.0,193.0,7.89,7.91,6348913,6348913,795729,12.53%,106.06,+0.29%,코스피,6698,277,140000,92100,47900,1.520086862106406,-37000.0,0.7357142857142858,152500.0,4.0,매수,0.69배 ," 152,685원"," 152,685원",11.98,8807.0,0.69,152685.0,1.42
JW중외제약2우B,70300.0,0.0,0.00%,69500.0,70300.0,0.0,0.0,92.0,2022-07-12,001067,1659.0,156.0,100.0,9.4,6.03,102927,102927,248,0.24%,106.06,+0.22%,코스피,72,1643,73300,46649,26651,1.5713091384595597,-3000.0,0.9590723055934516,35667.0,4.0,매수,8.04배 ," 8,745원"," 8,745원",360.51,195.0,8.04,8745.0,0.46
안국약품 *,8340.0,0.0,0.00%,8300.0,8330.0,1234.0,10.0,16850.0,2022-07-12,001540,,,,,,13042420,13042420,455610,3.49%,106.06,+0.22%,코스닥,1084,765,14350,7270,7080,1.9738651994497938,-6010.0,0.581184668989547,,,,0.66배 ," 12,582원"," 12,582원",26.55,313.0,0.66,12582.0,2.65
한올바이오파마,17650.0,0.0,0.00%,17700.0,17800.0,9881.0,174.0,285242.0,2022-07-12,009420,283.0,32.0,26.0,11.31,9.07,52240638,52240638,3059638,5.86%,106.06,+0.29%,코스피,9220,222,27250,14950,12300,1.8227424749163879,-9600.0,0.6477064220183486,24333.0,4.0,매수,5.79배 ," 3,049원"," 3,049원",215.24,82.0,5.79,3049.0,
제일바이오 *,1875.0,0.0,0.00%,1870.0,1875.0,4957.0,9.0,44936.0,2022-07-12,052670,,,,,,29129064,29129064,598668,2.06%,106.06,+0.22%,코스닥,546,1246,4530,1635,2895,2.770642201834862,-2655.0,0.4139072847682119,,,,1.44배 ," 1,302원"," 1,302원",,-49.0,1.44,1302.0,
대웅제약,175000.0,0.0,0.00%,175000.0,175500.0,1697.0,298.0,65770.0,2022-07-12,069620,3093.0,241.0,157.0,7.79,5.08,11586575,11586575,878797,7.58%,106.06,+0.22%,코스피,2566,131,188500,127000,61500,1.484251968503937,-13500.0,0.9283819628647215,220385.0,4.0,매수,3.31배 ," 53,627원"," 53,627원",33.5,5298.0,3.31,53627.0,0.34
비보존 헬스케어 *,963.0,0.0,0.00%,963.0,969.0,9732.0,9.0,264213.0,2022-07-12,082800,,,,,,234042627,234042627,3887301,1.66%,106.06,+0.22%,코스닥,2198,363,1685,805,880,2.093167701863354,-722.0,0.571513353115727,,,,2.10배 , 448원, 448원,,-431.0,2.1,448.0,
휴온스글로벌 *,21750.0,0.0,0.00%,21750.0,21800.0,1110.0,24.0,25629.0,2022-07-12,084110,,,,,,12621492,12621492,1158097,9.18%,106.06,+0.27%,코스닥,2739,269,72305,19450,52855,3.7174807197943447,-50555.0,0.30080907267823803,,,,0.50배 ," 43,696원"," 43,696원",120.56,180.0,0.5,43696.0,2.2
동아에스티,59600.0,0.0,0.00%,59200.0,59400.0,51.0,3.0,4806.0,2022-07-12,170900,,,,,,8446535,8446535,1695187,20.07%,106.06,+0.27%,코스피,5102,321,101000,54400,46600,1.8566176470588236,-41400.0,0.5900990099009901,81667.0,4.0,매수,0.78배 ," 76,946원"," 76,946원",36.99,1633.0,0.78,76946.0,1.66
국전약품 *,8710.0,0.0,0.00%,8800.0,8810.0,641619.0,5687.0,16558032.0,2022-07-12,307750,,,,,,49069269,49069269,506357,1.03%,106.06,+0.22%,코스닥,4279,146,24900,4700,20200,5.297872340425532,-16190.0,0.3497991967871486,,,,5.09배 ," 1,713원"," 1,713원",96.89,90.0,5.09,1713.0,0.12
프레스티지바이오파마,11850.0,0.0,0.00%,11500.0,11950.0,4472.0,52.0,99689.0,2022-07-12,950210,,,,,,60096155,60096155,37892129,63.05%,106.06,+0.22%,코스피,7031,267,40850,10250,30600,3.9853658536585366,-29000.0,0.29008567931456547,,,,1.39배 ," 8,392원"," 8,392원",,-1798.0,1.39,8392.0,
일성신약,77200.0,100.0,-0.13%,76500.0,77200.0,2.0,0.0,135.0,2022-07-12,003120,,,,,,2660000,2660000,48704,1.83%,106.06,+0.22%,코스피,2038,577,90100,68900,21200,1.3076923076923077,-12900.0,0.8568257491675916,,,,0.33배 ," 229,136원"," 229,136원",42.37,1808.0,0.33,229136.0,0.98
JW중외제약우,36550.0,50.0,-0.14%,35300.0,36600.0,5.0,0.0,87.0,2022-07-12,001065,1659.0,156.0,100.0,9.4,6.03,182735,182735,67,0.04%,106.06,+0.27%,코스피,66,1672,47261,27520,19741,1.7173328488372093,-10711.0,0.773364930915554,35667.0,4.0,매수,4.16배 ," 8,745원"," 8,745원",186.41,195.0,4.16,8745.0,0.96
경보제약,7100.0,10.0,-0.14%,6920.0,7190.0,688.0,4.0,20865.0,2022-07-12,214390,,,,,,23906860,23906860,173182,0.72%,106.06,+0.27%,코스피,1697,629,15300,6130,9170,2.495921696574225,-8200.0,0.46405228758169936,,,,1.18배 ," 6,036원"," 6,036원",,-370.0,1.18,6036.0,0.7
한미약품,320500.0,500.0,-0.16%,318500.0,319000.0,3002.0,966.0,29627.0,2022-07-12,128940,3026.0,235.0,165.0,7.77,5.45,12317971,12317971,1701670,13.81%,106.06,+0.27%,코스피,39602,76,339403,232500,106903,1.4597978494623656,-18903.0,0.9443051475679355,362059.0,3.94,매수,4.81배 ," 66,877원"," 66,877원",58.67,5480.0,4.81,66877.0,0.15
유한양행우,55300.0,100.0,-0.18%,54500.0,55500.0,15.0,0.0,136.0,2022-07-12,000105,4718.0,186.0,291.0,3.95,6.16,1180940,1180940,0,0.00%,106.06,+0.22%,코스피,653,954,72800,52400,20400,1.3893129770992367,-17500.0,0.7596153846153846,81269.0,4.0,매수,1.99배 ," 27,760원"," 27,760원",42.02,1316.0,1.99,27760.0,0.74
대웅,27450.0,50.0,-0.18%,27000.0,28000.0,1435.0,39.0,41665.0,2022-07-12,003090,3910.0,505.0,377.0,12.92,9.64,58141980,58141980,2572075,4.42%,106.06,+0.27%,코스피,16338,153,40300,23400,16900,1.7222222222222223,-12850.0,0.6811414392059554,38000.0,4.0,매수,1.55배 ," 18,113원"," 18,113원",16.49,1704.0,1.55,18113.0,0.36
테라젠이텍스 *,4420.0,10.0,-0.23%,4450.0,4475.0,6011.0,27.0,74175.0,2022-07-12,066700,,,,,,32474435,32474435,703333,2.17%,106.06,+0.22%,코스닥,1424,581,9100,3650,5450,2.493150684931507,-4680.0,0.4857142857142857,,,,0.81배 ," 5,381원"," 5,381원",,-189.0,0.81,5381.0,
휴메딕스 *,21500.0,50.0,-0.23%,21000.0,21400.0,1631.0,35.0,36056.0,2022-07-12,200670,301.0,58.0,52.0,19.27,17.28,9971194,9971194,342052,3.43%,106.06,+0.22%,코스닥,2154,370,39300,18200,21100,2.159340659340659,-17800.0,0.5470737913486005,33000.0,4.0,매수,1.52배 ," 14,194원"," 14,194원",12.4,1742.0,1.52,14194.0,1.85
위더스제약 *,8610.0,20.0,-0.23%,8540.0,8590.0,1776.0,15.0,15529.0,2022-07-12,330350,,,,,,13192778,13192778,118043,0.89%,106.06,+0.22%,코스닥,1120,749,16450,7130,9320,2.3071528751753156,-7840.0,0.5234042553191489,,,,1.36배 ," 6,256원"," 6,256원",21.99,386.0,1.36,6256.0,0.56
씨엔알리서치 *,1775.0,5.0,-0.28%,1745.0,1780.0,118.0,0.0,31102.0,2022-07-12,359090,,,,,,53222419,53222419,656305,1.23%,106.06,+0.27%,코스닥,931,886,3200,1595,1605,2.006269592476489,-1425.0,0.5546875,,,,,,,,-66.0,2.89,606.0,
환인제약,16600.0,50.0,-0.30%,16500.0,16600.0,107.0,1.0,10104.0,2022-07-12,016580,,,,,,18600070,18600070,2653928,14.27%,106.06,+0.27%,코스피,3097,443,22650,15650,7000,1.4472843450479234,-6050.0,0.7328918322295805,23000.0,4.0,매수,0.79배 ," 21,009원"," 21,009원",12.37,1346.0,0.79,21009.0,1.8
퓨쳐켐 *,16550.0,50.0,-0.30%,16400.0,16450.0,7214.0,119.0,94743.0,2022-07-12,220100,,,,,,13691971,13691971,211877,1.55%,106.06,+0.27%,코스닥,2239,355,25900,14150,11750,1.8303886925795052,-9350.0,0.638996138996139,,,,4.46배 ," 3,664원"," 3,664원",,-665.0,4.46,3664.0,
보로노이 *,45350.0,150.0,-0.33%,44250.0,44300.0,80371.0,3664.0,1597957.0,2022-07-12,310210,,,,,,12638949,12638949,41476,0.33%,106.06,+0.22%,코스닥,5511,108,52600,29100,23500,1.8075601374570447,-7250.0,0.8621673003802282,,,,,,,,,41.56,1049.0,
유한양행,57200.0,200.0,-0.35%,57400.0,57500.0,9951.0,572.0,126051.0,2022-07-12,000100,4718.0,186.0,291.0,3.95,6.16,73231476,73231476,13709078,18.72%,106.06,+0.22%,코스피,41815,73,67200,53500,13700,1.2560747663551401,-10000.0,0.8511904761904762,81269.0,4.0,매수,2.06배 ," 27,760원"," 27,760원",43.39,1316.0,2.06,27760.0,0.67
아이큐어 *,13550.0,50.0,-0.37%,12900.0,13400.0,18514.0,249.0,229920.0,2022-07-12,175250,,,,,,19001657,19001657,139937,0.74%,106.06,+0.27%,코스닥,2622,288,24859,10200,14659,2.437156862745098,-11309.0,0.5450742185928638,,,,2.88배 ," 4,784원"," 4,784원",,-2208.0,2.88,4784.0,
신신제약 *,5190.0,20.0,-0.38%,5120.0,5240.0,1189.0,6.0,22991.0,2022-07-12,002800,,,,,,15170500,15170500,110748,0.73%,106.06,+0.22%,코스닥,778,1021,8800,4165,4635,2.112845138055222,-3610.0,0.5897727272727272,,,,1.41배 ," 3,651원"," 3,651원",,-13.0,1.41,3651.0,
차백신연구소 *,7960.0,30.0,-0.38%,7710.0,7790.0,1016657.0,7937.0,17895398.0,2022-07-12,261780,,,,,,26429162,26429162,43984,0.17%,106.06,+0.27%,코스닥,2027,395,14900,5830,9070,2.555746140651801,-6940.0,0.5342281879194631,,,,,,,,-792.0,5.32,1443.0,
씨케이에이치 *,254.0,1.0,-0.39%,255.0,256.0,63334.0,16.0,1491884.0,2022-07-12,900120,,,,,,123012232,123012232,24691395,20.07%,106.06,+0.22%,코스닥,311,1458,445,210,235,2.119047619047619,-191.0,0.5707865168539326,,,,0.08배 ," 3,296원"," 3,296원",4.87,52.0,0.08,3296.0,
한국유니온제약 *,7300.0,30.0,-0.41%,7280.0,7360.0,85.0,1.0,28042.0,2022-07-12,080720,,,,,,7903728,7903728,85256,1.08%,106.06,+0.27%,코스닥,569,1227,15150,5900,9250,2.5677966101694913,-7850.0,0.48184818481848185,,,,1.10배 ," 6,560원"," 6,560원",,-1263.0,1.1,6560.0,
코스맥스비티아이,9500.0,40.0,-0.42%,9410.0,9540.0,312.0,2.0,4478.0,2022-07-12,044820,,,,,,9603921,9603921,473454,4.93%,106.06,+0.27%,코스피,885,857,19900,9100,10800,2.1868131868131866,-10400.0,0.47738693467336685,,,,0.28배 ," 32,816원"," 32,816원",6.75,1365.0,0.28,32816.0,2.82
비엘팜텍 *,940.0,4.0,-0.42%,932.0,940.0,2927.0,3.0,158105.0,2022-07-12,065170,,,,,,88970559,88970559,5021781,5.64%,106.06,+0.22%,코스닥,849,950,2155,848,1307,2.5412735849056602,-1215.0,0.4361948955916473,,,,1.43배 , 667원, 667원,,-232.0,1.43,667.0,
안트로젠 *,21700.0,100.0,-0.46%,21100.0,21900.0,2564.0,55.0,30405.0,2022-07-12,065660,,,,,,9730373,9730373,708408,7.28%,106.06,+0.22%,코스닥,2077,384,101500,19300,82200,5.259067357512953,-79800.0,0.21379310344827587,,,,1.54배 ," 13,896원"," 13,896원",,-37.0,1.54,13896.0,
한미사이언스,41550.0,200.0,-0.48%,41700.0,41750.0,11050.0,462.0,91488.0,2022-07-12,008930,,,,,,68623684,68623684,1037753,1.51%,106.06,+0.22%,코스피,28650,101,83486,37400,46086,2.232245989304813,-41936.0,0.4976882351531993,,,,4.04배 ," 10,344원"," 10,344원",59.3,704.0,4.04,10344.0,0.47
삼성바이오로직스,825000.0,4000.0,-0.48%,826000.0,828000.0,3667.0,3033.0,62385.0,2022-07-12,207940,4546.0,1480.0,1125.0,32.55,24.74,71174000,71174000,7622546,10.71%,106.06,+0.27%,코스피,588609,4,1034746,684889,349857,1.510822921670519,-209746.0,0.7972971144609402,1100000.0,4.0,매수,12.81배 ," 64,542원"," 64,542원",115.47,7162.0,12.81,64542.0,
하이텍팜 *,10150.0,50.0,-0.49%,10050.0,10200.0,504.0,5.0,4523.0,2022-07-12,106190,,,,,,7088782,7088782,3082162,43.48%,106.06,+0.22%,코스닥,712,1084,23850,8860,14990,2.6918735891647856,-13700.0,0.42557651991614254,,,,0.77배 ," 13,028원"," 13,028원",,-403.0,0.77,13028.0,0.5
노바렉스 *,29600.0,150.0,-0.50%,29150.0,29250.0,291.0,9.0,24365.0,2022-07-12,194700,803.0,80.0,67.0,9.96,8.34,9003740,9003740,102829,1.14%,106.06,+0.22%,코스닥,2638,285,49807,26917,22890,1.8503919456105806,-20207.0,0.5942939747425061,52395.0,4.0,매수,1.61배 ," 18,194원"," 18,194원",10.31,2843.0,1.61,18194.0,1.01
동성제약,7840.0,40.0,-0.51%,7870.0,7880.0,665.0,5.0,21275.0,2022-07-12,002210,,,,,,26100970,26100970,1238922,4.75%,106.06,+0.22%,코스피,2036,578,11600,7150,4450,1.6223776223776223,-3760.0,0.6758620689655173,,,,4.03배 ," 1,936원"," 1,936원",,-193.0,4.03,1936.0,
종근당홀딩스,56300.0,300.0,-0.53%,56600.0,56800.0,158.0,8.0,3997.0,2022-07-12,001630,,,,,,5009861,5009861,301665,6.02%,106.06,+0.27%,코스피,2861,463,107500,54800,52700,1.9616788321167884,-51200.0,0.5237209302325582,,,,0.53배 ," 108,546원"," 108,546원",22.69,2516.0,0.53,108546.0,2.45
녹십자,181000.0,1000.0,-0.55%,179500.0,182000.0,2449.0,446.0,30582.0,2022-07-12,006280,4213.0,168.0,124.0,4.0,2.94,11686538,11686538,2672639,22.87%,106.06,+0.22%,코스피,21328,126,398000,151500,246500,2.627062706270627,-217000.0,0.4547738693467337,234625.0,4.0,매수,1.66배 ," 110,167원"," 110,167원",18.57,9827.0,1.66,110167.0,1.1
하나제약,17500.0,100.0,-0.57%,17350.0,17550.0,1729.0,30.0,15098.0,2022-07-12,293480,538.0,117.0,91.0,21.75,16.91,17772946,17772946,233139,1.31%,106.06,+0.22%,코스피,3092,444,23000,16600,6400,1.3855421686746987,-5500.0,0.7608695652173914,28000.0,4.0,매수,1.21배 ," 14,393원"," 14,393원",10.43,1668.0,1.21,14393.0,2.93
압타바이오 *,16950.0,100.0,-0.59%,17300.0,17350.0,36755.0,628.0,217560.0,2022-07-12,293780,,,,,,22298866,22298866,1059611,4.75%,106.06,+0.22%,코스닥,3813,168,62100,13400,48700,4.634328358208955,-45150.0,0.27294685990338163,,,,6.39배 ," 2,678원"," 2,678원",,-456.0,6.39,2678.0,
코오롱생명과학 *,33250.0,200.0,-0.60%,33450.0,33700.0,1964.0,65.0,23575.0,2022-07-12,102940,,,,,,11412356,11412356,305374,2.68%,106.06,+0.27%,코스닥,3829,165,46450,28300,18150,1.6413427561837455,-13200.0,0.7158234660925726,,,,3.95배 ," 8,489원"," 8,489원",,-351.0,3.95,8489.0,
녹십자웰빙 *,8090.0,50.0,-0.61%,8140.0,8190.0,6966.0,57.0,73707.0,2022-07-12,234690,,,,,,17752276,17752276,248357,1.40%,106.06,+0.27%,코스닥,1417,585,14100,6700,7400,2.1044776119402986,-6010.0,0.573758865248227,,,,1.61배 ," 4,946원"," 4,946원",20.62,387.0,1.61,4946.0,1.0
진양제약 *,6090.0,40.0,-0.65%,6090.0,6130.0,3606.0,22.0,23606.0,2022-07-12,007370,,,,,,12000000,12000000,271645,2.26%,106.06,+0.22%,코스닥,732,1063,9230,5220,4010,1.7681992337164751,-3140.0,0.6598049837486457,,,,1.03배 ," 5,896원"," 5,896원",6.97,875.0,1.03,5896.0,1.64
에이치엘사이언스 *,34850.0,250.0,-0.71%,34300.0,34850.0,161.0,6.0,2476.0,2022-07-12,239610,,,,,,5392115,5392115,30753,0.57%,106.06,+0.22%,코스닥,1852,427,40350,26750,13600,1.5084112149532711,-5500.0,0.8636926889714994,,,,1.69배 ," 20,344원"," 20,344원",15.0,2290.0,1.69,20344.0,1.16
HK이노엔 *,40100.0,300.0,-0.74%,39600.0,39950.0,45086.0,1803.0,612182.0,2022-07-12,195940,2105.0,146.0,89.0,6.92,4.23,28904499,28904499,680932,2.36%,106.06,+0.27%,코스닥,11822,34,80300,37300,43000,2.1528150134048256,-40200.0,0.49937733499377335,54125.0,4.0,매수,1.03배 ," 39,846원"," 39,846원",46.16,886.0,1.03,39846.0,0.78
JW생명과학,13300.0,100.0,-0.75%,13250.0,13450.0,219.0,2.0,12815.0,2022-07-12,234080,468.0,80.0,62.0,17.01,13.17,15834554,15834554,393559,2.49%,106.06,+0.26%,코스피,2098,572,19250,12050,7200,1.5975103734439835,-5950.0,0.6909090909090909,19000.0,4.0,매수,1.60배 ," 8,291원"," 8,291원",17.48,758.0,1.6,8291.0,3.77
에스텍파마 *,7720.0,60.0,-0.77%,7700.0,7850.0,437.0,3.0,24669.0,2022-07-12,041910,,,,,,11898263,11898263,220043,1.85%,106.06,+0.27%,코스닥,905,907,13250,6660,6590,1.9894894894894894,-5530.0,0.5826415094339623,,,,0.72배 ," 10,544원"," 10,544원",16.69,456.0,0.72,10544.0,1.31
팜스빌 *,12650.0,100.0,-0.78%,12450.0,12850.0,831.0,10.0,18148.0,2022-07-12,318010,,,,,,7929338,7929338,28800,0.36%,106.06,+0.22%,코스닥,999,823,19850,9500,10350,2.0894736842105264,-7200.0,0.6372795969773299,,,,1.66배 ," 7,580원"," 7,580원",20.26,622.0,1.66,7580.0,0.79
대봉엘에스 *,7500.0,60.0,-0.79%,7560.0,7600.0,2700.0,20.0,22241.0,2022-07-12,078140,242.0,34.0,,14.05,,11086579,11086579,226792,2.05%,106.06,+0.22%,코스닥,1041,804,11850,6860,4990,1.727405247813411,-4350.0,0.6329113924050633,13000.0,4.0,매수,0.93배 ," 10,147원"," 10,147원",13.59,691.0,0.93,10147.0,0.53
중앙백신 *,12200.0,100.0,-0.81%,12150.0,12300.0,532.0,7.0,13133.0,2022-07-12,072020,,,,,,9960000,9960000,177514,1.78%,106.06,+0.27%,코스닥,1210,694,18300,11200,7100,1.6339285714285714,-6100.0,0.6666666666666666,,,,1.26배 ," 9,657원"," 9,657원",14.75,824.0,1.26,9657.0,0.82
JW신약 *,3945.0,35.0,-0.88%,3980.0,4000.0,32865.0,129.0,468874.0,2022-07-12,067290,,,,,,46127437,46127437,1046179,2.27%,106.06,+0.27%,코스닥,1799,447,6250,3192,3058,1.9580200501253133,-2305.0,0.6312,,,,3.19배 ," 1,224원"," 1,224원",81.25,48.0,3.19,1224.0,
동구바이오제약 *,6670.0,60.0,-0.89%,6690.0,6700.0,10948.0,73.0,117072.0,2022-07-12,006620,,,,,,28464992,28464992,192924,0.68%,106.06,+0.22%,코스닥,1899,414,10900,6090,4810,1.7898193760262726,-4230.0,0.6119266055045871,,,,1.89배 ," 3,523원"," 3,523원",16.72,399.0,1.89,3523.0,1.5
광동제약,6410.0,60.0,-0.93%,6410.0,6450.0,2899.0,18.0,101897.0,2022-07-12,009290,,,,,,52420851,52420851,9862537,18.81%,106.06,+0.22%,코스피,3365,420,9900,5780,4120,1.71280276816609,-3490.0,0.6474747474747474,,,,0.52배 ," 12,248원"," 12,248원",13.21,486.0,0.52,12248.0,1.56
대한약품 *,26500.0,250.0,-0.93%,26750.0,26850.0,2585.0,69.0,11930.0,2022-07-12,023910,445.0,74.0,,16.63,,6000000,6000000,939878,15.66%,106.06,+0.27%,코스닥,1608,503,33650,24500,9150,1.373469387755102,-7150.0,0.787518573551263,40000.0,4.0,매수,0.78배 ," 34,473원"," 34,473원",6.79,3948.0,0.78,34473.0,1.49
옵티팜 *,8550.0,80.0,-0.93%,8410.0,8610.0,1297.0,11.0,25059.0,2022-07-12,153710,,,,,,14669958,14669958,50084,0.34%,106.06,+0.27%,코스닥,1256,660,17950,7950,10000,2.257861635220126,-9400.0,0.4763231197771588,,,,4.16배 ," 2,057원"," 2,057원",,-192.0,4.16,2057.0,
에이프로젠 H&G *,523.0,5.0,-0.95%,522.0,528.0,4801.0,3.0,117621.0,2022-07-12,109960,,,,,,178695217,178695217,812798,0.45%,106.06,+0.22%,코스닥,933,882,1130,470,660,2.404255319148936,-607.0,0.46283185840707963,,,,0.42배 ," 1,248원"," 1,248원",23.73,22.0,0.42,1248.0,
콜마비앤에이치 *,26150.0,250.0,-0.95%,26000.0,26400.0,3932.0,102.0,26818.0,2022-07-12,200130,1720.0,252.0,,14.65,,29543558,29543558,593377,2.01%,106.06,+0.26%,코스닥,7489,69,50700,24550,26150,2.065173116089613,-24550.0,0.5157790927021696,46500.0,4.0,매수,1.93배 ," 13,101원"," 13,101원",12.22,2075.0,1.93,13101.0,1.52
대한뉴팜 *,10200.0,100.0,-0.97%,10150.0,10300.0,2542.0,26.0,45731.0,2022-07-12,054670,,,,,,14354920,14354920,269418,1.88%,106.06,+0.22%,코스닥,1450,570,14400,9320,5080,1.5450643776824033,-4200.0,0.7083333333333334,,,,1.59배 ," 6,369원"," 6,369원",6.22,1625.0,1.59,6369.0,0.79
옵투스제약 *,6130.0,60.0,-0.97%,6150.0,6160.0,307.0,2.0,5599.0,2022-07-12,131030,,,,,,16153162,16153162,615067,3.81%,106.06,+0.22%,코스닥,982,838,8450,5550,2900,1.5225225225225225,-2320.0,0.7254437869822485,,,,0.76배 ," 7,957원"," 7,957원",9.84,618.0,0.76,7957.0,1.64
서울제약 *,5040.0,50.0,-0.98%,5060.0,5090.0,1462.0,7.0,25298.0,2022-07-12,018680,,,,,,8524523,8524523,143822,1.69%,106.06,+0.22%,코스닥,430,1370,12250,4100,8150,2.9878048780487805,-7210.0,0.4114285714285714,,,,2.30배 ," 2,198원"," 2,198원",,-881.0,2.3,2198.0,
코미팜 *,7050.0,70.0,-0.98%,7130.0,7190.0,5767.0,41.0,92733.0,2022-07-12,041960,,,,,,64185876,64185876,2821477,4.40%,106.06,+0.27%,코스닥,4461,139,13050,6730,6320,1.9390787518573551,-6000.0,0.5402298850574713,,,,6.60배 ," 1,053원"," 1,053원",,-86.0,6.6,1053.0,
SK바이오팜,78400.0,800.0,-1.01%,78200.0,79000.0,4363.0,343.0,92955.0,2022-07-12,326030,538.0,-315.0,-295.0,-58.53,-54.83,78313250,78313250,4547827,5.81%,106.06,+0.26%,코스피,61163,51,133000,66300,66700,2.0060331825037707,-54600.0,0.5894736842105263,115000.0,3.9,매수,14.87배 ," 5,251원"," 5,251원",,-1269.0,14.87,5251.0,
JW홀딩스,3395.0,35.0,-1.02%,3390.0,3465.0,958.0,3.0,19114.0,2022-07-12,096760,,,,,,70444706,70444706,1483624,2.11%,106.06,+0.22%,코스피,2381,518,4566,3069,1497,1.487781036168133,-1171.0,0.743539202803329,,,,2.50배 ," 1,352원"," 1,352원",,-41.0,2.5,1352.0,2.59
프레스티지바이오로직스 *,4365.0,45.0,-1.02%,4435.0,4495.0,5786.0,26.0,143476.0,2022-07-12,334970,,,,,,47320139,47320139,9937226,21.00%,106.06,+0.22%,코스닥,2077,386,17600,3955,13645,4.450063211125158,-13235.0,0.24801136363636364,,,,2.17배 ," 2,019원"," 2,019원",,-1052.0,2.17,2019.0,
진바이오텍 *,4790.0,50.0,-1.03%,4815.0,4835.0,6459.0,31.0,44249.0,2022-07-12,086060,,,,,,8610587,8610587,321017,3.73%,106.06,+0.22%,코스닥,403,1401,7390,4215,3175,1.753262158956109,-2600.0,0.6481732070365359,,,,0.91배 ," 5,124원"," 5,124원",120.13,39.0,0.91,5124.0,
비피도 *,8160.0,90.0,-1.09%,8250.0,8300.0,1807.0,15.0,21512.0,2022-07-12,238200,,,,,,8180000,8180000,19877,0.24%,106.06,+0.26%,코스닥,659,1143,19900,7190,12710,2.767732962447844,-11740.0,0.4100502512562814,,,,1.28배 ," 6,277원"," 6,277원",,-56.0,1.28,6277.0,
제일파마홀딩스,12500.0,150.0,-1.19%,12200.0,12700.0,710.0,8.0,26091.0,2022-07-12,002620,,,,,,15973355,15973355,1566679,9.81%,106.06,+0.22%,코스피,1957,590,24750,10500,14250,2.357142857142857,-12250.0,0.5050505050505051,,,,0.46배 ," 26,587원"," 26,587원",,-411.0,0.46,26587.0,0.53
브릿지바이오테라퓨틱스 *,9100.0,110.0,-1.19%,9200.0,9490.0,5626.0,52.0,57841.0,2022-07-12,288330,,,,,,19866425,19866425,230098,1.16%,106.06,+0.22%,코스닥,1806,446,16250,8110,8140,2.003699136868064,-7150.0,0.56,,,,5.31배 ," 1,713원"," 1,713원",,-1586.0,5.31,1713.0,
동국제약 *,19400.0,250.0,-1.27%,19650.0,19700.0,3528.0,69.0,37035.0,2022-07-12,086450,1679.0,192.0,148.0,11.46,8.82,44460000,44460000,8202570,18.45%,106.06,+0.26%,코스닥,8603,56,26450,17850,8600,1.4817927170868348,-7050.0,0.7334593572778828,28500.0,4.0,매수,1.87배 ," 10,332원"," 10,332원",17.18,1126.0,1.87,10332.0,0.93
CMG제약 *,2635.0,35.0,-1.31%,2670.0,2690.0,52087.0,138.0,807354.0,2022-07-12,058820,,,,,,138892244,138892244,9246979,6.66%,106.06,+0.26%,코스닥,3639,181,5130,2330,2800,2.2017167381974247,-2495.0,0.51364522417154,,,,1.97배 ," 1,333원"," 1,333원",174.67,15.0,1.97,1333.0,
씨티씨바이오 *,8270.0,110.0,-1.31%,8330.0,8400.0,1454.0,12.0,34536.0,2022-07-12,060590,,,,,,24181020,24181020,636569,2.63%,106.06,+0.26%,코스닥,1971,406,14500,7190,7310,2.0166898470097356,-6230.0,0.5703448275862069,,,,2.00배 ," 4,066원"," 4,066원",,-101.0,2.0,4066.0,
삼성제약,3375.0,45.0,-1.32%,3435.0,3440.0,13606.0,46.0,215113.0,2022-07-12,001360,,,,,,67162079,67162079,3331615,4.96%,106.06,+0.22%,코스피,2280,531,7930,3035,4895,2.612850082372323,-4555.0,0.4255989911727617,,,,1.81배 ," 1,874원"," 1,874원",,-414.0,1.81,1874.0,
경동제약 *,8950.0,120.0,-1.32%,9000.0,9070.0,4807.0,43.0,99456.0,2022-07-12,011040,,,,,,30768766,30768766,1635897,5.32%,106.06,+0.26%,코스닥,2760,264,17650,7960,9690,2.2173366834170856,-8700.0,0.5070821529745042,,,,0.98배 ," 9,179원"," 9,179원",22.48,399.0,0.98,9179.0,5.57
에스씨엠생명과학 *,11200.0,150.0,-1.32%,11050.0,11250.0,1084.0,12.0,48485.0,2022-07-12,298060,,,,,,12120570,12120570,750421,6.19%,106.06,+0.22%,코스닥,1358,607,31750,9020,22730,3.5199556541019956,-20550.0,0.352755905511811,,,,3.42배 ," 3,278원"," 3,278원",,-1743.0,3.42,3278.0,
제일약품,22150.0,300.0,-1.34%,22500.0,22600.0,4638.0,103.0,39045.0,2022-07-12,271980,,,,,,14704872,14704872,395973,2.69%,106.06,+0.27%,코스피,3228,428,46500,18250,28250,2.547945205479452,-24350.0,0.47634408602150535,,,,1.96배 ," 11,183원"," 11,183원",,-1025.0,1.96,11183.0,0.3
에이디엠코리아 *,3285.0,45.0,-1.35%,3290.0,3320.0,17454.0,57.0,645812.0,2022-07-12,187660,,,,,,21836250,21836250,886751,4.06%,106.06,+0.26%,코스닥,720,1071,8330,2705,5625,3.0794824399260627,-5045.0,0.3943577430972389,,,,2.17배 ," 1,517원"," 1,517원",49.18,67.0,2.17,1517.0,
프롬바이오 *,9300.0,130.0,-1.38%,9480.0,9490.0,124696.0,1166.0,5946371.0,2022-07-12,377220,,,,,,14155000,14155000,42818,0.30%,106.06,+0.22%,코스닥,1290,650,24250,6100,18150,3.9754098360655736,-14950.0,0.3835051546391753,,,,1.47배 ," 6,214원"," 6,214원",12.29,741.0,1.47,6214.0,
코스맥스엔비티 *,4315.0,65.0,-1.48%,4300.0,4440.0,143.0,1.0,31491.0,2022-07-12,222040,,,,,,20628000,20628000,270266,1.31%,106.06,+0.27%,코스닥,870,935,11500,4045,7455,2.8430160692212607,-7185.0,0.37521739130434784,,,,1.48배 ," 2,856원"," 2,856원",,-281.0,1.48,2856.0,
마이더스AI *,1985.0,30.0,-1.49%,2015.0,2040.0,45587.0,90.0,773306.0,2022-07-12,222810,,,,,,39330151,39330151,0,0.00%,106.06,+0.26%,코스닥,789,1007,3440,1035,2405,3.323671497584541,-1455.0,0.5770348837209303,,,,1.64배 ," 1,226원"," 1,226원",,-357.0,1.64,1226.0,
삼천당제약 *,32700.0,500.0,-1.51%,32700.0,33050.0,9860.0,323.0,121001.0,2022-07-12,000250,,,,,,22768041,22768041,1582079,6.95%,106.06,+0.22%,코스닥,7377,74,64600,30450,34150,2.1215106732348112,-31900.0,0.5061919504643962,,,,4.07배 ," 7,970원"," 7,970원",,-460.0,4.07,7970.0,
메드팩토 *,26000.0,400.0,-1.52%,26400.0,26450.0,6993.0,183.0,146564.0,2022-07-12,235980,,,,,,21065452,21065452,1516549,7.20%,106.06,+0.27%,코스닥,5488,109,71500,20550,50950,3.4793187347931873,-45500.0,0.36363636363636365,48000.0,4.0,매수,9.04배 ," 2,883원"," 2,883원",,-982.0,9.04,2883.0,
뉴트리 *,12800.0,200.0,-1.54%,12850.0,12900.0,770.0,10.0,10888.0,2022-07-12,270870,,,,,,9200224,9200224,239688,2.61%,106.06,+0.26%,코스닥,1155,724,36900,11550,25350,3.1948051948051948,-24100.0,0.34688346883468835,,,,1.17배 ," 10,763원"," 10,763원",7.24,1734.0,1.17,10763.0,1.99
HLB *,39850.0,650.0,-1.60%,40150.0,40200.0,113628.0,4523.0,1629752.0,2022-07-12,028300,,,,,,106882745,106882745,15093610,14.12%,106.06,+0.22%,코스닥,43662,3,69100,28400,40700,2.433098591549296,-29250.0,0.5767004341534009,,,,10.16배 ," 4,022원"," 4,022원",,-897.0,10.16,4022.0,
삼아제약 *,14750.0,250.0,-1.67%,14850.0,14900.0,632.0,9.0,22887.0,2022-07-12,009300,,,,,,6370000,6370000,203972,3.20%,106.06,+0.22%,코스닥,943,877,27100,13400,13700,2.0223880597014925,-12350.0,0.544280442804428,,,,0.52배 ," 28,486원"," 28,486원",13.47,1099.0,0.52,28486.0,1.69
휴온스 *,35350.0,600.0,-1.67%,35400.0,36200.0,937.0,33.0,11888.0,2022-07-12,243070,1286.0,144.0,,11.2,,11935549,11935549,2682982,22.48%,106.06,+0.26%,코스닥,4171,151,59629,33400,26229,1.7852994011976049,-24279.0,0.5928323466769525,64000.0,4.0,매수,1.55배 ," 22,601원"," 22,601원",13.64,2562.0,1.55,22601.0,1.56
한국파마 *,27500.0,500.0,-1.79%,27800.0,27950.0,33934.0,933.0,753089.0,2022-07-12,032300,,,,,,10906701,10906701,120218,1.10%,106.06,+0.22%,코스닥,3714,172,85500,20700,64800,4.130434782608695,-58000.0,0.3216374269005848,,,,6.47배 ," 5,264원"," 5,264원",61.57,553.0,6.47,5264.0,0.15
박셀바이오 *,40900.0,800.0,-1.92%,40650.0,40700.0,14319.0,588.0,243100.0,2022-07-12,323990,,,,,,15223000,15223000,638167,4.19%,106.06,+0.22%,코스닥,6295,89,102700,31750,70950,3.234645669291339,-61800.0,0.39824732229795523,,,,22.16배 ," 1,866원"," 1,866원",,-373.0,22.16,1866.0,
파마리서치 *,64200.0,1300.0,-1.98%,65500.0,67400.0,3949.0,255.0,59295.0,2022-07-12,214450,460.0,154.0,131.0,33.57,28.58,10111930,10111930,1182368,11.69%,106.06,+0.22%,코스닥,6371,86,101700,64200,37500,1.5841121495327102,-37500.0,0.6312684365781711,110000.0,4.0,매수,2.04배 ," 30,893원"," 30,893원",14.56,4327.0,2.04,30893.0,0.95
큐라클 *,18800.0,400.0,-2.08%,19300.0,19350.0,12259.0,232.0,176705.0,2022-07-12,365270,,,,,,13789968,13789968,66619,0.48%,106.06,+0.26%,코스닥,2565,299,62400,11850,50550,5.265822784810126,-43600.0,0.30128205128205127,,,,,,,,-541.0,4.79,3886.0,
고려제약 *,7510.0,160.0,-2.09%,7670.0,7690.0,6957.0,52.0,23854.0,2022-07-12,014570,,,,,,11000000,11000000,133886,1.22%,106.06,+0.22%,코스닥,840,962,11900,6680,5220,1.781437125748503,-4390.0,0.6310924369747899,,,,1.06배 ," 7,202원"," 7,202원",8.9,858.0,1.06,7202.0,2.22
바이젠셀 *,9780.0,210.0,-2.10%,9780.0,9790.0,31630.0,311.0,1630759.0,2022-07-12,308080,,,,,,19006060,19006060,83405,0.44%,106.06,+0.22%,코스닥,1817,439,39080,8500,30580,4.597647058823529,-29300.0,0.2502558853633572,,,,,,,,-697.0,1.78,5370.0,
HLB생명과학 *,12650.0,300.0,-2.32%,12500.0,12550.0,108971.0,1385.0,1517569.0,2022-07-12,067630,,,,,,95498081,95498081,6104683,6.39%,106.06,+0.27%,코스닥,12272,30,23000,9310,13690,2.4704618689581097,-10350.0,0.55,,,,5.21배 ," 2,467원"," 2,467원",,-465.0,5.21,2467.0,
비씨월드제약 *,10100.0,250.0,-2.42%,10350.0,10400.0,3275.0,34.0,14875.0,2022-07-12,200780,,,,,,8892384,8892384,184064,2.07%,106.06,+0.27%,코스닥,907,905,23050,8950,14100,2.5754189944134076,-12950.0,0.43817787418655096,,,,0.84배 ," 12,164원"," 12,164원",36.3,281.0,0.84,12164.0,0.98
녹십자홀딩스2우,55600.0,1400.0,-2.46%,54500.0,56900.0,175.0,9.0,1791.0,2022-07-12,005257,,,,,,845990,845990,1466,0.17%,106.06,+0.22%,코스피,463,1042,100000,38000,62000,2.6315789473684212,-44400.0,0.556,,,,2.46배 ," 22,231원"," 22,231원",67.61,809.0,2.46,22231.0,0.73
휴럼 *,1185.0,30.0,-2.47%,1225.0,1230.0,3515.0,4.0,182076.0,2022-07-12,353190,,,,,,38380420,38380420,227303,0.59%,106.06,+0.22%,코스닥,447,1356,3130,1050,2080,2.980952380952381,-1945.0,0.37859424920127793,,,,,,,,-216.0,1.28,912.0,
드림씨아이에스 *,13100.0,350.0,-2.60%,13350.0,13450.0,4087.0,54.0,30933.0,2022-07-12,223250,,,,,,5925720,5925720,35407,0.60%,106.06,+0.26%,코스닥,764,1037,20000,9850,10150,2.030456852791878,-6900.0,0.655,,,,1.79배 ," 7,203원"," 7,203원",25.24,511.0,1.79,7203.0,
바이온 *,1270.0,35.0,-2.68%,1300.0,1305.0,12332.0,16.0,56008.0,2022-07-12,032980,,,,,,34293780,34293780,593351,1.73%,106.06,+0.22%,코스닥,429,1372,3711,1170,2541,3.1717948717948716,-2441.0,0.342225815144166,,,,1.29배 , 966원, 966원,,-401.0,1.29,966.0,
네오이뮨텍 *,4280.0,125.0,-2.84%,4350.0,4405.0,71521.0,307.0,526526.0,2022-07-12,950220,,,,,,98741510,98741510,9025164,9.14%,106.06,+0.22%,코스닥,4266,147,12750,3610,9140,3.53185595567867,-8470.0,0.33568627450980393,,,,2.79배 ," 1,550원"," 1,550원",,-568.0,2.79,1550.0,
우진비앤지 *,2095.0,65.0,-3.01%,2140.0,2155.0,53924.0,113.0,709327.0,2022-07-12,018620,,,,,,28889293,28889293,459900,1.59%,106.06,+0.22%,코스닥,611,1189,3515,1760,1755,1.9971590909090908,-1420.0,0.5960170697012802,,,,1.99배 ," 1,062원"," 1,062원",,-29.0,1.99,1062.0,
HLB테라퓨틱스 *,12400.0,400.0,-3.12%,12750.0,12800.0,64406.0,799.0,499045.0,2022-07-12,115450,,,,,,31335211,31335211,1545014,4.93%,106.06,+0.22%,코스닥,4042,158,19300,7450,11850,2.5906040268456376,-6900.0,0.6424870466321243,,,,3.36배 ," 3,845원"," 3,845원",,-582.0,3.36,3845.0,
더블유에스아이 *,1975.0,65.0,-3.19%,2015.0,2040.0,2316.0,5.0,36240.0,2022-07-12,299170,,,,,,30027963,30027963,87168,0.29%,106.06,+0.26%,코스닥,595,1206,3470,1675,1795,2.071641791044776,-1495.0,0.569164265129683,,,,1.74배 ," 1,137원"," 1,137원",8.57,231.0,1.74,1137.0,
엔지켐생명과학 *,17700.0,650.0,-3.54%,17950.0,18250.0,9839.0,176.0,134865.0,2022-07-12,183490,,,,,,13933768,13933768,1482469,10.64%,106.06,+0.22%,코스닥,2494,306,92426,14850,77576,6.223973063973064,-74726.0,0.19150455499534763,,,,1.14배 ," 15,762원"," 15,762원",,-2408.0,1.14,15762.0,
HLB제약 *,14500.0,650.0,-4.29%,14750.0,14800.0,66838.0,979.0,557586.0,2022-07-12,047920,,,,,,27564264,27564264,132391,0.48%,106.06,+0.22%,코스닥,4107,154,30200,7860,22340,3.842239185750636,-15700.0,0.48013245033112584,,,,5.08배 ," 2,932원"," 2,932원",,-550.0,5.08,2932.0,
