종목명,현재가,전일비,등락률,매수호가,매도호가,거래량,거래대금,전일거래량,조회일자,종목명_전처리,종목코드,매출액,영업이익,당기순이익,영업이익률,순이익률,ROE(지배주주),부채비율,당좌비율,유보율,EPS(원),PER(배),BPS(원),PBR(배),주당배당금(원),시가배당률(%),배당성향(%),시가총액,시가총액순위,상장주식수,액면가l매매단위,외국인한도주식수(A),외국인보유주식수(B),외국인소진율(B/A),투자의견l목표주가,52주최고l최저,PERlEPS(2022.03),추정PERlEPS,PBRlBPS (2022.03),배당수익률,동일업종 PER,동일업종 등락률,배당수익률l2021.12,PERlEPS(2021.12),PBRlBPS (2021.12),PERlEPS(2022.02),PBRlBPS (2022.02),배당수익률l2021.11
카이노스메드 *,11450.0,1520.0,+15.31%,9610.0,9930.0,125641.0,1413.0,0.0,2022-07-12,카이노스메드,284620,,,,,,,,,,,,,,,,,"2,219  억원",코스닥 362위,22322396,500원  l  1주,22322396,828098,3.71%,N/A  l  N/A,"21,510  l  8,629",N/A  l  -770원,N/A  l  N/A,125.82배  l  79원,,106.06배,+0.27%,,,,,,
일동제약,38350.0,2900.0,+8.18%,36600.0,36650.0,1291093.0,49785.0,6060869.0,2022-07-12,일동제약,249420,1530.0,-60.0,-210.0,-3.92,-13.73,,,,,,,,,,,,1조  949  억원,코스피 200위,26803285,"1,000원  l  1주",26803285,1088414,4.06%,"4.00매수  l  50,000","79,500  l  12,400","N/A  l  -8,637원",N/A  l  N/A,"5.47배  l  7,471원",,106.06배,+0.29%,,,,,,
이글벳 *,6640.0,470.0,+7.62%,6050.0,6150.0,362894.0,2395.0,31238.0,2022-07-12,이글벳,044960,,,,,,,,,,,,,,,,,803  억원,코스닥 996위,12641883,500원  l  1주,12641883,139638,1.10%,N/A  l  N/A,"9,700  l  5,600",21.03배  l  302원,N/A  l  N/A,"1.87배  l  3,391원",,106.06배,+0.27%,0.79%,,,,,
애드바이오텍 *,5000.0,230.0,+4.82%,4715.0,4950.0,18666.0,91.0,54126.0,2022-07-12,애드바이오텍,179530,,,,,,,,,,,,,,,,,448  억원,코스닥 1357위,9140444,500원  l  1주,9140444,270546,2.96%,N/A  l  N/A,"11,400  l  4,485",,N/A  l  N/A,,,106.06배,+0.29%,,N/A  l  -347원,"3.20배  l  1,530원",,,
신풍제약우,48600.0,1600.0,+3.40%,48650.0,48700.0,2085.0,101.0,29385.0,2022-07-12,신풍제약우,019175,,,,,,,,,,,,,,,,,"1,032  억원",코스피 794위,2200000,500원  l  1주,2200000,8518,0.39%,N/A  l  N/A,"135,000  l  30,950",N/A  l  -333원,N/A  l  N/A,"6.91배  l  6,792원",,106.06배,+0.27%,,,,,,
국제약품,6000.0,170.0,+2.92%,5790.0,5830.0,128649.0,768.0,2115335.0,2022-07-12,국제약품,002720,,,,,,,,,,,,,,,,,"1,200  억원",코스피 728위,20195149,"1,000원  l  1주",20195149,265688,1.32%,N/A  l  N/A,"9,051  l  4,050",N/A  l  -13원,N/A  l  N/A,"1.62배  l  3,660원",,106.06배,+0.27%,,,,,,
지놈앤컴퍼니 *,19750.0,550.0,+2.86%,19100.0,19150.0,14122.0,274.0,286561.0,2022-07-12,지놈앤컴퍼니,314130,,,,,,,,,,,,,,,,,"2,823  억원",코스닥 253위,14079521,500원  l  1주,14079521,83153,0.59%,N/A  l  N/A,"57,600  l  15,350","N/A  l  -2,584원",N/A  l  N/A,"3.06배  l  6,562원",,106.06배,+0.22%,,,,,,
현대약품,6010.0,160.0,+2.74%,5850.0,5860.0,820250.0,4969.0,5026102.0,2022-07-12,현대약품,004310,,,,,,,,,,,,,,,,,"2,051  억원",코스피 575위,32000000,500원  l  1주,32000000,400690,1.25%,N/A  l  N/A,"7,200  l  3,780",,N/A  l  N/A,,,106.06배,+0.29%,,,,N/A  l  -32원,"2.06배  l  3,115원",0.47%
대원제약,18800.0,500.0,+2.73%,18550.0,18600.0,148304.0,2775.0,697751.0,2022-07-12,대원제약,003220,1115.0,97.0,54.0,8.74,4.8,,,,,430.0,42.52,,,,,,"4,117  억원",코스피 362위,21842836,500원  l  1주,21842836,3893057,17.82%,"4.00매수  l  23,200","23,712  l  13,341","16.10배  l  1,171원","13.00배  l  1,422원","1.78배  l  10,611원",,106.06배,+0.22%,1.03%,,,,,
일동홀딩스,31250.0,800.0,+2.63%,31600.0,31650.0,406833.0,12970.0,3242445.0,2022-07-12,일동홀딩스,000230,,,,,,,,,,,,,,,,,"3,641  억원",코스피 407위,11540400,"1,000원  l  1주",11540400,152070,1.32%,N/A  l  N/A,"59,200  l  10,950","N/A  l  -9,723원",N/A  l  N/A,"6.22배  l  5,075원",,106.06배,+0.29%,0.32%,,,,,
동화약품,11150.0,250.0,+2.29%,10900.0,10950.0,35622.0,394.0,184120.0,2022-07-12,동화약품,000020,,,,,,,,,,,,,,,,,"3,086  억원",코스피 445위,27931470,"1,000원  l  1주",27931470,1442994,5.17%,N/A  l  N/A,"21,550  l  8,920",17.48배  l  632원,N/A  l  N/A,"0.88배  l  12,519원",,106.06배,+0.29%,1.63%,,,,,
셀트리온,189500.0,3500.0,+1.88%,185000.0,185500.0,104962.0,19890.0,344098.0,2022-07-12,셀트리온,068270,5211.0,1686.0,1431.0,32.36,27.46,,,,,841.0,221.1,,,,,,"26조  3,940  억원",코스피 12위,140767851,"1,000원  l  1주",140767851,28971049,20.58%,"4.00매수  l  210,200","294,935  l  139,000","52.29배  l  3,586원","49.00배  l  3,857원","6.92배  l  27,110원",,106.06배,+0.27%,0.39%,,,,,
이연제약,25950.0,450.0,+1.76%,25500.0,25550.0,118248.0,3095.0,715435.0,2022-07-12,이연제약,102460,,,,,,,,,,,,,,,,,"4,644  억원",코스피 335위,17998577,500원  l  1주,17998577,247984,1.38%,N/A  l  N/A,"73,000  l  19,600",73.71배  l  350원,N/A  l  N/A,"1.94배  l  13,291원",,106.06배,+0.27%,0.97%,,,,,
종근당,90800.0,1500.0,+1.68%,89300.0,89700.0,4155.0,374.0,13263.0,2022-07-12,종근당,185750,,,,,,,,,,,,,,,,,1조  813  억원,코스피 200위,11988038,"2,500원  l  1주",11988038,868273,7.24%,"4.00매수  l  114,444","137,454  l  84,200","23.98배  l  3,762원","14.00배  l  6,557원","1.87배  l  48,208원",,106.06배,+0.22%,1.06%,,,,,
부광약품,9020.0,140.0,+1.58%,8680.0,8880.0,94223.0,849.0,396841.0,2022-07-12,부광약품,003000,,,,,,,,,,,,,,,,,"6,431  억원",코스피 285위,71063049,500원  l  1주,71063049,5022085,7.07%,N/A  l  N/A,"23,500  l  7,880","3,016.67배  l  3원",N/A  l  N/A,"2.38배  l  3,801원",,106.06배,+0.29%,1.11%,,,,,
KPX생명과학 *,5780.0,90.0,+1.58%,5690.0,5700.0,251860.0,1467.0,2783528.0,2022-07-12,KPX생명과학,114450,,,,,,,,,,,,,,,,,860  억원,코스닥 949위,15000000,500원  l  1주,15000000,80709,0.54%,N/A  l  N/A,"12,700  l  3,905",N/A  l  -168원,N/A  l  N/A,"1.52배  l  3,760원",,106.06배,+0.29%,,,,,,
유나이티드제약,24500.0,350.0,+1.45%,24250.0,24350.0,9855.0,241.0,69168.0,2022-07-12,유나이티드제약,033270,,,,,,,,,,,,,,,,,"4,004  억원",코스피 372위,16244822,500원  l  1주,16244822,1417068,8.72%,N/A  l  N/A,"63,400  l  20,550","12.94배  l  1,905원",N/A  l  N/A,"1.19배  l  20,701원",,106.06배,+0.29%,1.50%,,,,,
신풍제약,26000.0,350.0,+1.36%,26150.0,26200.0,178919.0,4713.0,1070194.0,2022-07-12,신풍제약,019170,,,,,,,,,,,,,,,,,"1조  3,511  억원",코스피 171위,52984990,500원  l  1주,52984990,3258111,6.15%,N/A  l  N/A,"79,000  l  19,900",N/A  l  -333원,N/A  l  N/A,"3.75배  l  6,792원",,106.06배,+0.27%,,,,,,
바이오플러스 *,30400.0,400.0,+1.33%,30050.0,30250.0,51556.0,1560.0,434874.0,2022-07-12,바이오플러스,099430,135.0,64.0,51.0,47.16,37.78,,,,,339.0,88.42,,,,,,"4,606  억원",코스닥 132위,14482716,500원  l  1주,14482716,161205,1.11%,"4.00매수  l  36,333","43,000  l  20,350",37.99배  l  837원,"22.00배  l  1,466원","5.42배  l  5,871원",,106.06배,+0.29%,,,,,,
일양약품우,26000.0,300.0,+1.17%,25700.0,26000.0,199.0,5.0,2409.0,2022-07-12,일양약품우,007575,,,,,,,,,,,,,,,,,114  억원,코스피 1448위,445080,"2,500원  l  1주",445080,1168,0.26%,N/A  l  N/A,"44,500  l  24,000","25.10배  l  1,024원",N/A  l  N/A,"2.12배  l  12,149원",,106.06배,+0.29%,0.88%,,,,,
셀트리온헬스케어 *,72500.0,800.0,+1.12%,71100.0,71500.0,126241.0,9176.0,604127.0,2022-07-12,셀트리온헬스케어,091990,4522.0,596.0,480.0,13.17,10.61,,,,,361.0,198.48,,,,,,"11조  4,504  억원",코스닥 1위,158154885,"1,000원  l  1주",158154885,24365846,15.41%,"4.00매수  l  85,500","123,383  l  53,800","69.55배  l  1,041원","52.00배  l  1,397원","5.53배  l  13,091원",,106.06배,+0.22%,0.35%,,,,,
삼일제약,7970.0,70.0,+0.89%,7750.0,7850.0,22571.0,179.0,401491.0,2022-07-12,삼일제약,000520,,,,,,,,,,,,,,,,,"1,128  억원",코스피 756위,13701645,500원  l  1주,13701645,423083,3.09%,N/A  l  N/A,"11,700  l  6,740",N/A  l  -416원,N/A  l  N/A,"1.59배  l  5,179원",,106.06배,+0.29%,0.97%,,,,,
티움바이오 *,16950.0,150.0,+0.89%,16900.0,16950.0,19458.0,333.0,76979.0,2022-07-12,티움바이오,321550,,,,,,,,,,,,,,,,,"4,100  억원",코스닥 155위,23976226,500원  l  1주,23976226,37429,0.16%,N/A  l  N/A,"27,100  l  14,800","N/A  l  -1,307원",N/A  l  N/A,"5.12배  l  3,342원",,106.06배,+0.29%,,,,,,
종근당바이오,29250.0,250.0,+0.86%,28900.0,29000.0,3015.0,87.0,24035.0,2022-07-12,종근당바이오,063160,448.0,,,,,,,,,,,,,,,,"1,618  억원",코스피 642위,5485962,"2,500원  l  1주",5485962,85105,1.55%,N/A  l  N/A,"61,700  l  24,900","N/A  l  -1,061원",N/A  l  N/A,"1.01배  l  29,223원",,106.06배,+0.27%,0.34%,,,,,
에이비온 *,8650.0,70.0,+0.82%,8580.0,8610.0,4081.0,35.0,120653.0,2022-07-12,에이비온,203400,,,,,,,,,,,,,,,,,"1,568  억원",코스닥 518위,18824687,500원  l  1주,18824687,115575,0.61%,N/A  l  N/A,"26,450  l  6,970","N/A  l  -2,695원",N/A  l  N/A,"5.23배  l  1,594원",,106.06배,+0.29%,,,,,,
대성미생물 *,12400.0,100.0,+0.81%,12450.0,12500.0,335.0,4.0,7243.0,2022-07-12,대성미생물,036480,,,,,,,,,,,,,,,,,464  억원,코스닥 1338위,3800000,500원  l  1주,3800000,41825,1.10%,N/A  l  N/A,"21,050  l  10,000",18.05배  l  676원,N/A  l  N/A,"1.21배  l  10,118원",,106.06배,+0.27%,0.62%,,,,,
지엘팜텍 *,909.0,7.0,+0.78%,890.0,902.0,567.0,1.0,62688.0,2022-07-12,지엘팜텍,204840,,,,,,,,,,,,,,,,,553  억원,코스닥 1244위,62104061,100원  l  1주,62104061,241661,0.39%,N/A  l  N/A,"1,535  l  801",N/A  l  -78원,N/A  l  N/A,3.76배  l  237원,,106.06배,+0.29%,,,,,,
팜젠사이언스,8320.0,60.0,+0.73%,8370.0,8380.0,83678.0,704.0,721938.0,2022-07-12,팜젠사이언스,004720,,,,,,,,,,,,,,,,,"1,299  억원",코스피 705위,15477041,500원  l  1주,15477041,355740,2.30%,N/A  l  N/A,"15,900  l  5,870","1.84배  l  4,557원",N/A  l  N/A,"0.69배  l  12,225원",,106.06배,+0.29%,,,,,,
바이넥스 *,15300.0,100.0,+0.66%,15200.0,15250.0,36806.0,563.0,318843.0,2022-07-12,바이넥스,053030,374.0,48.0,,12.72,,,,,,142.0,107.28,,,,,,"4,875  억원",코스닥 123위,31761048,500원  l  1주,31761048,2377741,7.49%,"4.00매수  l  19,500","21,250  l  11,400",38.76배  l  396원,N/A  l  N/A,"2.61배  l  5,888원",,106.06배,+0.22%,,,,,,
한독,18100.0,100.0,+0.56%,18000.0,18800.0,282.0,5.0,15334.0,2022-07-12,한독,002390,,,,,,,,,,,,,,,,,"2,422  억원",코스피 514위,13763533,500원  l  1주,13763533,192845,1.40%,N/A  l  N/A,"28,150  l  16,350",139.68배  l  126원,N/A  l  N/A,"0.66배  l  26,515원",,106.06배,+0.27%,1.99%,,,,,
에스티팜 *,96500.0,500.0,+0.52%,95100.0,95500.0,4722.0,455.0,70009.0,2022-07-12,에스티팜,237690,486.0,36.0,27.0,7.4,5.6,,,,,108.0,888.02,,,,,,"1조  7,850  억원",코스닥 16위,18808775,500원  l  1주,18808775,0,0.00%,"4.00매수  l  141,111","150,800  l  82,100",173.18배  l  548원,146.00배  l  652원,"5.67배  l  16,744원",,106.06배,+0.22%,0.53%,,,,,
셀트리온제약 *,79200.0,400.0,+0.51%,75500.0,76500.0,26197.0,2085.0,144254.0,2022-07-12,셀트리온제약,068760,,,,,,,,,,,,,,,,,"2조  9,693  억원",코스닥 6위,37681053,500원  l  1주,37681053,2891231,7.67%,N/A  l  N/A,"173,597  l  71,300",94.03배  l  838원,N/A  l  N/A,"8.91배  l  8,840원",,106.06배,+0.29%,,,,,,
녹십자홀딩스,20300.0,100.0,+0.50%,19900.0,20250.0,11432.0,231.0,68298.0,2022-07-12,녹십자홀딩스,005250,,,,,,,,,,,,,,,,,"9,641  억원",코스피 216위,47028210,500원  l  1주,47028210,2661245,5.66%,N/A  l  N/A,"35,100  l  18,250",25.34배  l  809원,N/A  l  N/A,"0.92배  l  22,231원",,106.06배,+0.27%,1.95%,,,,,
보령,10800.0,50.0,+0.47%,10550.0,10700.0,11954.0,128.0,116036.0,2022-07-12,보령,003850,1684.0,139.0,96.0,8.25,5.7,,,,,,,,,,,,"7,281  억원",코스피 260위,68690000,500원  l  1주,68690000,4805112,7.00%,"4.00매수  l  16,500","20,200  l  9,600",20.70배  l  512원,19.00배  l  550원,"1.46배  l  7,266원",,106.06배,+0.29%,0.94%,,,,,
신일제약 *,9160.0,40.0,+0.44%,9120.0,9130.0,5179.0,47.0,40618.0,2022-07-12,신일제약,012790,,,,,,,,,,,,,,,,,"1,058  억원",코스닥 781위,11541464,500원  l  1주,11541464,200973,1.74%,N/A  l  N/A,"18,530  l  7,520",12.86배  l  713원,N/A  l  N/A,"0.89배  l  10,296원",,106.06배,+0.22%,1.06%,,,,,
일양약품,23700.0,100.0,+0.42%,24200.0,24250.0,12670.0,302.0,104310.0,2022-07-12,일양약품,007570,,,,,,,,,,,,,,,,,"4,504  억원",코스피 340위,19085664,"2,500원  l  1주",19085664,1957482,10.26%,N/A  l  N/A,"38,200  l  20,550","23.05배  l  1,024원",N/A  l  N/A,"1.94배  l  12,149원",,106.06배,+0.27%,0.85%,,,,,
JW중외제약,24250.0,100.0,+0.41%,24150.0,24250.0,1781.0,43.0,59750.0,2022-07-12,JW중외제약,001060,1659.0,156.0,100.0,9.4,6.03,,,,,510.0,47.35,,,,,,"5,345  억원",코스피 311위,22178081,"2,500원  l  1주",22178081,1704253,7.68%,"4.00매수  l  35,667","31,900  l  18,200",123.59배  l  195원,"12.00배  l  2,006원","2.76배  l  8,745원",,106.06배,+0.22%,1.31%,,,,,
아미노로직스 *,2640.0,10.0,+0.38%,2630.0,2635.0,185191.0,482.0,1954940.0,2022-07-12,아미노로직스,074430,,,,,,,,,,,,,,,,,"2,301  억원",코스닥 348위,87826844,100원  l  1주,87826844,1023791,1.17%,N/A  l  N/A,"3,335  l  1,805",29.77배  l  88원,N/A  l  N/A,3.67배  l  713원,,106.06배,+0.27%,,,,,,
이수앱지스 *,8320.0,30.0,+0.36%,8290.0,8300.0,39460.0,329.0,489913.0,2022-07-12,이수앱지스,086890,,,,,,,,,,,,,,,,,"2,870  억원",코스닥 247위,33182668,500원  l  1주,33182668,154277,0.46%,N/A  l  N/A,"16,850  l  6,220",N/A  l  -21원,N/A  l  N/A,"4.31배  l  2,007원",,106.06배,+0.22%,,,,,,
SK바이오사이언스,147000.0,500.0,+0.34%,148000.0,148500.0,414740.0,61886.0,2640140.0,2022-07-12,SK바이오사이언스,302440,1404.0,574.0,448.0,40.91,31.89,,,,,583.0,251.13,,,,,,"11조  3,256  억원",코스피 29위,76784046,500원  l  1주,76784046,3020944,3.93%,"4.00매수  l  145,571","362,000  l  95,100","33.09배  l  4,457원","31.00배  l  4,721원","6.92배  l  21,327원",,106.06배,+0.22%,,,,,,
명문제약,3280.0,10.0,+0.31%,3270.0,3290.0,6965.0,22.0,46957.0,2022-07-12,명문제약,017180,,,,,,,,,,,,,,,,,"1,120  억원",코스피 759위,33953454,500원  l  1주,33953454,324052,0.95%,N/A  l  N/A,"6,400  l  2,850",N/A  l  -192원,N/A  l  N/A,"1.37배  l  2,402원",,106.06배,+0.22%,,,,,,
영진약품,3605.0,10.0,+0.28%,3560.0,3585.0,21919.0,79.0,399999.0,2022-07-12,영진약품,003520,,,,,,,,,,,,,,,,,"6,648  억원",코스피 278위,182892731,500원  l  1주,182892731,8451454,4.62%,N/A  l  N/A,"5,950  l  3,335",N/A  l  -62원,N/A  l  N/A,6.43배  l  565원,,106.06배,+0.22%,,,,,,
대화제약 *,7230.0,20.0,+0.28%,7120.0,7280.0,1200.0,9.0,40282.0,2022-07-12,대화제약,067080,,,,,,,,,,,,,,,,,"1,340  억원",코스닥 622위,18616650,500원  l  1주,18616650,210495,1.13%,N/A  l  N/A,"12,700  l  5,940",51.43배  l  140원,N/A  l  N/A,"1.58배  l  4,543원",,106.06배,+0.27%,2.08%,,,,,
삼진제약,24650.0,50.0,+0.20%,24600.0,24650.0,173.0,4.0,42028.0,2022-07-12,삼진제약,005500,,,,,,,,,,,,,,,,,"3,412  억원",코스피 416위,13900000,"1,000원  l  1주",13900000,1044891,7.52%,N/A  l  N/A,"29,500  l  23,400","13.53배  l  1,815원",N/A  l  N/A,"1.32배  l  18,529원",,106.06배,+0.29%,3.26%,,,,,
경남제약 *,2785.0,5.0,+0.18%,2880.0,2890.0,134818.0,379.0,440923.0,2022-07-12,경남제약,053950,,,,,,,,,,,,,,,,,855  억원,코스닥 947위,30849565,500원  l  1주,30849565,959728,3.11%,N/A  l  N/A,"8,612  l  2,220",N/A  l  -414원,N/A  l  N/A,"0.88배  l  3,134원",,106.06배,+0.22%,,,,,,
화일약품 *,2735.0,5.0,+0.18%,2740.0,2745.0,64393.0,175.0,1834861.0,2022-07-12,화일약품,061250,,,,,,,,,,,,,,,,,"1,885  억원",코스닥 417위,68052006,500원  l  1주,68052006,1814695,2.67%,N/A  l  N/A,"4,095  l  1,970",45.41배  l  61원,N/A  l  N/A,"1.00배  l  2,781원",,106.06배,+0.27%,,,,,,
조아제약 *,2935.0,5.0,+0.17%,2935.0,2945.0,4867.0,14.0,137330.0,2022-07-12,조아제약,034940,,,,,,,,,,,,,,,,,903  억원,코스닥 909위,30979827,500원  l  1주,30979827,406372,1.31%,N/A  l  N/A,"5,420  l  2,480",N/A  l  -260원,N/A  l  N/A,"1.85배  l  1,574원",,106.06배,+0.22%,,,,,,
에이프로젠제약,615.0,1.0,+0.16%,611.0,613.0,54592.0,33.0,1366458.0,2022-07-12,에이프로젠제약,003060,,,,,,,,,,,,,,,,,"2,427  억원",코스피 513위,398575882,500원  l  1주,398575882,15090448,3.79%,N/A  l  N/A,"1,365  l  521",26.48배  l  23원,N/A  l  N/A,"0.48배  l  1,279원",,106.06배,+0.22%,,,,,,
알리코제약 *,6270.0,10.0,+0.16%,6280.0,6320.0,2211.0,14.0,12451.0,2022-07-12,알리코제약,260660,,,,,,,,,,,,,,,,,963  억원,코스닥 860위,15327021,500원  l  1주,15327021,200361,1.31%,N/A  l  N/A,"9,770  l  5,410",17.02배  l  369원,N/A  l  N/A,"1.14배  l  5,527원",,106.06배,+0.22%,1.12%,,,,,
유유제약1우,8830.0,10.0,+0.11%,8550.0,9000.0,1975.0,17.0,10580.0,2022-07-12,유유제약1우,000225,,,,,,,,,,,,,,,,,197  억원,코스피 1277위,2266930,"1,000원  l  1주",2266930,16744,0.74%,N/A  l  N/A,"16,000  l  7,350",N/A  l  -142원,N/A  l  N/A,"1.37배  l  6,335원",,106.06배,+0.27%,1.26%,,,,,
초록뱀헬스케어,984.0,1.0,+0.10%,983.0,993.0,8771.0,8.0,109350.0,2022-07-12,초록뱀헬스케어,118000,,,,,,,,,,,,,,,,,833  억원,코스피 880위,84704985,500원  l  1주,84704985,906638,1.07%,N/A  l  N/A,"2,155  l  860",13.11배  l  75원,N/A  l  N/A,"0.69배  l  1,429원",,106.06배,+0.29%,,,,,,
유유제약,6580.0,0.0,0.00%,6500.0,6540.0,8340.0,54.0,77272.0,2022-07-12,유유제약,000220,,,,,,,,,,,,,,,,,"1,130  억원",코스피 758위,17232351,"1,000원  l  1주",17232351,429912,2.49%,N/A  l  N/A,"11,600  l  5,500",N/A  l  -142원,N/A  l  N/A,"1.04배  l  6,335원",,106.06배,+0.22%,1.60%,,,,,
유유제약2우B,17050.0,0.0,0.00%,16650.0,18400.0,0.0,0.0,425.0,2022-07-12,유유제약2우B,000227,,,,,,,,,,,,,,,,,54  억원,코스피 1741위,325560,"1,000원  l  1주",325560,459,0.14%,N/A  l  N/A,"33,500  l  15,050",N/A  l  -142원,N/A  l  N/A,"2.64배  l  6,335원",,106.06배,+0.22%,0.66%,,,,,
동아쏘시오홀딩스,103000.0,0.0,0.00%,103000.0,103500.0,37.0,3.0,1834.0,2022-07-12,동아쏘시오홀딩스,000640,2441.0,192.0,193.0,7.89,7.91,,,,,,,,,,,,"6,698  억원",코스피 277위,6348913,"5,000원  l  1주",6348913,795729,12.53%,"4.00매수  l  152,500","140,000  l  92,100","11.98배  l  8,807원","10.00배  l  10,259원","0.69배  l  152,685원",,106.06배,+0.29%,1.42%,,,,,
JW중외제약2우B,70300.0,0.0,0.00%,69500.0,70300.0,0.0,0.0,92.0,2022-07-12,JW중외제약2우B,001067,1659.0,156.0,100.0,9.4,6.03,,,,,510.0,47.35,,,,,,72  억원,코스피 1643위,102927,"2,500원  l  1주",102927,248,0.24%,"4.00매수  l  35,667","73,300  l  46,649",360.51배  l  195원,"35.00배  l  2,006원","8.04배  l  8,745원",,106.06배,+0.22%,0.46%,,,,,
안국약품 *,8340.0,0.0,0.00%,8300.0,8330.0,1234.0,10.0,16850.0,2022-07-12,안국약품,001540,,,,,,,,,,,,,,,,,"1,084  억원",코스닥 765위,13042420,500원  l  1주,13042420,455610,3.49%,N/A  l  N/A,"14,350  l  7,270",26.55배  l  313원,N/A  l  N/A,"0.66배  l  12,582원",,106.06배,+0.22%,2.65%,,,,,
한올바이오파마,17650.0,0.0,0.00%,17700.0,17800.0,9881.0,174.0,285242.0,2022-07-12,한올바이오파마,009420,283.0,32.0,26.0,11.31,9.07,,,,,,,,,,,,"9,220  억원",코스피 222위,52240638,500원  l  1주,52240638,3059638,5.86%,"4.00매수  l  24,333","27,250  l  14,950",215.24배  l  82원,116.00배  l  152원,"5.79배  l  3,049원",,106.06배,+0.29%,,,,,,
제일바이오 *,1875.0,0.0,0.00%,1870.0,1875.0,4957.0,9.0,44936.0,2022-07-12,제일바이오,052670,,,,,,,,,,,,,,,,,546  억원,코스닥 1246위,29129064,500원  l  1주,29129064,598668,2.06%,N/A  l  N/A,"4,530  l  1,635",N/A  l  -49원,N/A  l  N/A,"1.44배  l  1,302원",,106.06배,+0.22%,,,,,,
대웅제약,175000.0,0.0,0.00%,175000.0,175500.0,1697.0,298.0,65770.0,2022-07-12,대웅제약,069620,3093.0,241.0,157.0,7.79,5.08,,,,,,,,,,,,2조  566  억원,코스피 131위,11586575,"2,500원  l  1주",11586575,878797,7.58%,"4.00매수  l  220,385","188,500  l  127,000","33.50배  l  5,298원","28.00배  l  6,295원","3.31배  l  53,627원",,106.06배,+0.22%,0.34%,,,,,
비보존 헬스케어 *,963.0,0.0,0.00%,963.0,969.0,9732.0,9.0,264213.0,2022-07-12,비보존 헬스케어,082800,,,,,,,,,,,,,,,,,"2,198  억원",코스닥 363위,234042627,500원  l  1주,234042627,3887301,1.66%,N/A  l  N/A,"1,685  l  805",N/A  l  -431원,N/A  l  N/A,2.10배  l  448원,,106.06배,+0.22%,,,,,,
휴온스글로벌 *,21750.0,0.0,0.00%,21750.0,21800.0,1110.0,24.0,25629.0,2022-07-12,휴온스글로벌,084110,,,,,,,,,,,,,,,,,"2,739  억원",코스닥 269위,12621492,500원  l  1주,12621492,1158097,9.18%,N/A  l  N/A,"72,305  l  19,450",120.56배  l  180원,N/A  l  N/A,"0.50배  l  43,696원",,106.06배,+0.27%,2.20%,,,,,
동아에스티,59600.0,0.0,0.00%,59200.0,59400.0,51.0,3.0,4806.0,2022-07-12,동아에스티,170900,,,,,,,,,,,,,,,,,"5,102  억원",코스피 321위,8446535,"5,000원  l  1주",8446535,1695187,20.07%,"4.00매수  l  81,667","101,000  l  54,400","36.99배  l  1,633원","15.00배  l  4,019원","0.78배  l  76,946원",,106.06배,+0.27%,1.66%,,,,,
국전약품 *,8710.0,0.0,0.00%,8800.0,8810.0,641619.0,5687.0,16558032.0,2022-07-12,국전약품,307750,,,,,,,,,,,,,,,,,"4,279  억원",코스닥 146위,49069269,100원  l  1주,49069269,506357,1.03%,N/A  l  N/A,"24,900  l  4,700",96.89배  l  90원,N/A  l  N/A,"5.09배  l  1,713원",,106.06배,+0.22%,0.12%,,,,,
프레스티지바이오파마,11850.0,0.0,0.00%,11500.0,11950.0,4472.0,52.0,99689.0,2022-07-12,프레스티지바이오파마,950210,,,,,,,,,,,,,,,,,"7,031  억원",코스피 267위,60096155,,60096155,37892129,63.05%,N/A  l  N/A,"40,850  l  10,250","N/A  l  -1,798원",N/A  l  N/A,"1.39배  l  8,392원",,106.06배,+0.22%,,,,,,
일성신약,77200.0,100.0,-0.13%,76500.0,77200.0,2.0,0.0,135.0,2022-07-12,일성신약,003120,,,,,,,,,,,,,,,,,"2,038  억원",코스피 577위,2660000,"5,000원  l  1주",2660000,48704,1.83%,N/A  l  N/A,"90,100  l  68,900","42.37배  l  1,808원",N/A  l  N/A,"0.33배  l  229,136원",,106.06배,+0.22%,0.98%,,,,,
JW중외제약우,36550.0,50.0,-0.14%,35300.0,36600.0,5.0,0.0,87.0,2022-07-12,JW중외제약우,001065,1659.0,156.0,100.0,9.4,6.03,,,,,510.0,47.35,,,,,,66  억원,코스피 1672위,182735,"2,500원  l  1주",182735,67,0.04%,"4.00매수  l  35,667","47,261  l  27,520",186.41배  l  195원,"18.00배  l  2,006원","4.16배  l  8,745원",,106.06배,+0.27%,0.96%,,,,,
경보제약,7100.0,10.0,-0.14%,6920.0,7190.0,688.0,4.0,20865.0,2022-07-12,경보제약,214390,,,,,,,,,,,,,,,,,"1,697  억원",코스피 629위,23906860,500원  l  1주,23906860,173182,0.72%,N/A  l  N/A,"15,300  l  6,130",N/A  l  -370원,N/A  l  N/A,"1.18배  l  6,036원",,106.06배,+0.27%,0.70%,,,,,
한미약품,320500.0,500.0,-0.16%,318500.0,319000.0,3002.0,966.0,29627.0,2022-07-12,한미약품,128940,3026.0,235.0,165.0,7.77,5.45,,,,,865.0,371.22,,,,,,"3조  9,602  억원",코스피 76위,12317971,"2,500원  l  1주",12317971,1701670,13.81%,"3.94매수  l  362,059","339,403  l  232,500","58.67배  l  5,480원","52.00배  l  6,125원","4.81배  l  66,877원",,106.06배,+0.27%,0.15%,,,,,
유한양행우,55300.0,100.0,-0.18%,54500.0,55500.0,15.0,0.0,136.0,2022-07-12,유한양행우,000105,4718.0,186.0,291.0,3.95,6.16,,,,,431.0,133.27,,,,,,653  억원,코스피 954위,1180940,"1,000원  l  1주",1180940,0,0.00%,"4.00매수  l  81,269","72,800  l  52,400","42.02배  l  1,316원","39.00배  l  1,433원","1.99배  l  27,760원",,106.06배,+0.22%,0.74%,,,,,
대웅,27450.0,50.0,-0.18%,27000.0,28000.0,1435.0,39.0,41665.0,2022-07-12,대웅,003090,3910.0,505.0,377.0,12.92,9.64,,,,,513.0,53.65,,,,,,"1조  6,338  억원",코스피 153위,58141980,500원  l  1주,58141980,2572075,4.42%,"4.00매수  l  38,000","40,300  l  23,400","16.49배  l  1,704원",N/A  l  N/A,"1.55배  l  18,113원",,106.06배,+0.27%,0.36%,,,,,
테라젠이텍스 *,4420.0,10.0,-0.23%,4450.0,4475.0,6011.0,27.0,74175.0,2022-07-12,테라젠이텍스,066700,,,,,,,,,,,,,,,,,"1,424  억원",코스닥 581위,32474435,500원  l  1주,32474435,703333,2.17%,N/A  l  N/A,"9,100  l  3,650",N/A  l  -189원,N/A  l  N/A,"0.81배  l  5,381원",,106.06배,+0.22%,,,,,,
휴메딕스 *,21500.0,50.0,-0.23%,21000.0,21400.0,1631.0,35.0,36056.0,2022-07-12,휴메딕스,200670,301.0,58.0,52.0,19.27,17.28,,,,,522.0,41.32,,,,,,"2,154  억원",코스닥 370위,9971194,500원  l  1주,9971194,342052,3.43%,"4.00매수  l  33,000","39,300  l  18,200","12.40배  l  1,742원",N/A  l  N/A,"1.52배  l  14,194원",,106.06배,+0.22%,1.85%,,,,,
위더스제약 *,8610.0,20.0,-0.23%,8540.0,8590.0,1776.0,15.0,15529.0,2022-07-12,위더스제약,330350,,,,,,,,,,,,,,,,,"1,120  억원",코스닥 749위,13192778,200원  l  1주,13192778,118043,0.89%,N/A  l  N/A,"16,450  l  7,130",21.99배  l  386원,N/A  l  N/A,"1.36배  l  6,256원",,106.06배,+0.22%,0.56%,,,,,
씨엔알리서치 *,1775.0,5.0,-0.28%,1745.0,1780.0,118.0,0.0,31102.0,2022-07-12,씨엔알리서치,359090,,,,,,,,,,,,,,,,,931  억원,코스닥 886위,53222419,100원  l  1주,53222419,656305,1.23%,N/A  l  N/A,"3,200  l  1,595",,N/A  l  N/A,,,106.06배,+0.27%,,N/A  l  -66원,2.89배  l  606원,,,
환인제약,16600.0,50.0,-0.30%,16500.0,16600.0,107.0,1.0,10104.0,2022-07-12,환인제약,016580,,,,,,,,,,,,,,,,,"3,097  억원",코스피 443위,18600070,500원  l  1주,18600070,2653928,14.27%,"4.00매수  l  23,000","22,650  l  15,650","12.37배  l  1,346원",N/A  l  N/A,"0.79배  l  21,009원",,106.06배,+0.27%,1.80%,,,,,
퓨쳐켐 *,16550.0,50.0,-0.30%,16400.0,16450.0,7214.0,119.0,94743.0,2022-07-12,퓨쳐켐,220100,,,,,,,,,,,,,,,,,"2,239  억원",코스닥 355위,13691971,500원  l  1주,13691971,211877,1.55%,N/A  l  N/A,"25,900  l  14,150",N/A  l  -665원,N/A  l  N/A,"4.46배  l  3,664원",,106.06배,+0.27%,,,,,,
보로노이 *,45350.0,150.0,-0.33%,44250.0,44300.0,80371.0,3664.0,1597957.0,2022-07-12,보로노이,310210,,,,,,,,,,,,,,,,,"5,511  억원",코스닥 108위,12638949,500원  l  1주,12638949,41476,0.33%,N/A  l  N/A,"52,600  l  29,100",,N/A  l  N/A,,,106.06배,+0.22%,,N/A  l  N/A,"41.56배  l  1,049원",,,
유한양행,57200.0,200.0,-0.35%,57400.0,57500.0,9951.0,572.0,126051.0,2022-07-12,유한양행,000100,4718.0,186.0,291.0,3.95,6.16,,,,,431.0,133.27,,,,,,"4조  1,815  억원",코스피 73위,73231476,"1,000원  l  1주",73231476,13709078,18.72%,"4.00매수  l  81,269","67,200  l  53,500","43.39배  l  1,316원","40.00배  l  1,433원","2.06배  l  27,760원",,106.06배,+0.22%,0.67%,,,,,
아이큐어 *,13550.0,50.0,-0.37%,12900.0,13400.0,18514.0,249.0,229920.0,2022-07-12,아이큐어,175250,,,,,,,,,,,,,,,,,"2,622  억원",코스닥 288위,19001657,500원  l  1주,19001657,139937,0.74%,N/A  l  N/A,"24,859  l  10,200","N/A  l  -2,208원",N/A  l  N/A,"2.88배  l  4,784원",,106.06배,+0.27%,,,,,,
신신제약 *,5190.0,20.0,-0.38%,5120.0,5240.0,1189.0,6.0,22991.0,2022-07-12,신신제약,002800,,,,,,,,,,,,,,,,,778  억원,코스닥 1021위,15170500,500원  l  1주,15170500,110748,0.73%,N/A  l  N/A,"8,800  l  4,165",N/A  l  -13원,N/A  l  N/A,"1.41배  l  3,651원",,106.06배,+0.22%,,,,,,
차백신연구소 *,7960.0,30.0,-0.38%,7710.0,7790.0,1016657.0,7937.0,17895398.0,2022-07-12,차백신연구소,261780,,,,,,,,,,,,,,,,,"2,027  억원",코스닥 395위,26429162,500원  l  1주,26429162,43984,0.17%,N/A  l  N/A,"14,900  l  5,830",,N/A  l  N/A,,,106.06배,+0.27%,,N/A  l  -792원,"5.32배  l  1,443원",,,
씨케이에이치 *,254.0,1.0,-0.39%,255.0,256.0,63334.0,16.0,1491884.0,2022-07-12,씨케이에이치,900120,,,,,,,,,,,,,,,,,311  억원,코스닥 1458위,123012232,0.05 USD  l  1주,123012232,24691395,20.07%,N/A  l  N/A,445  l  210,4.87배  l  52원,N/A  l  N/A,"0.08배  l  3,296원",,106.06배,+0.22%,,,,,,
한국유니온제약 *,7300.0,30.0,-0.41%,7280.0,7360.0,85.0,1.0,28042.0,2022-07-12,한국유니온제약,080720,,,,,,,,,,,,,,,,,569  억원,코스닥 1227위,7903728,500원  l  1주,7903728,85256,1.08%,N/A  l  N/A,"15,150  l  5,900","N/A  l  -1,263원",N/A  l  N/A,"1.10배  l  6,560원",,106.06배,+0.27%,,,,,,
코스맥스비티아이,9500.0,40.0,-0.42%,9410.0,9540.0,312.0,2.0,4478.0,2022-07-12,코스맥스비티아이,044820,,,,,,,,,,,,,,,,,885  억원,코스피 857위,9603921,500원  l  1주,9603921,473454,4.93%,N/A  l  N/A,"19,900  l  9,100","6.75배  l  1,365원",N/A  l  N/A,"0.28배  l  32,816원",,106.06배,+0.27%,2.82%,,,,,
비엘팜텍 *,940.0,4.0,-0.42%,932.0,940.0,2927.0,3.0,158105.0,2022-07-12,비엘팜텍,065170,,,,,,,,,,,,,,,,,849  억원,코스닥 950위,88970559,500원  l  1주,88970559,5021781,5.64%,N/A  l  N/A,"2,155  l  848",N/A  l  -232원,N/A  l  N/A,1.43배  l  667원,,106.06배,+0.22%,,,,,,
안트로젠 *,21700.0,100.0,-0.46%,21100.0,21900.0,2564.0,55.0,30405.0,2022-07-12,안트로젠,065660,,,,,,,,,,,,,,,,,"2,077  억원",코스닥 384위,9730373,500원  l  1주,9730373,708408,7.28%,N/A  l  N/A,"101,500  l  19,300",N/A  l  -37원,N/A  l  N/A,"1.54배  l  13,896원",,106.06배,+0.22%,,,,,,
한미사이언스,41550.0,200.0,-0.48%,41700.0,41750.0,11050.0,462.0,91488.0,2022-07-12,한미사이언스,008930,,,,,,,,,,,,,,,,,"2조  8,650  억원",코스피 101위,68623684,500원  l  1주,68623684,1037753,1.51%,N/A  l  N/A,"83,486  l  37,400",59.30배  l  704원,N/A  l  N/A,"4.04배  l  10,344원",,106.06배,+0.22%,0.47%,,,,,
삼성바이오로직스,825000.0,4000.0,-0.48%,826000.0,828000.0,3667.0,3033.0,62385.0,2022-07-12,삼성바이오로직스,207940,4546.0,1480.0,1125.0,32.55,24.74,,,,,1676.0,494.75,,,,,,"58조  8,609  억원",코스피 4위,71174000,"2,500원  l  1주",71174000,7622546,10.71%,"4.00매수  l  1,100,000","1,034,746  l  684,889","115.47배  l  7,162원","111.00배  l  7,464원","12.81배  l  64,542원",,106.06배,+0.27%,,,,,,
하이텍팜 *,10150.0,50.0,-0.49%,10050.0,10200.0,504.0,5.0,4523.0,2022-07-12,하이텍팜,106190,,,,,,,,,,,,,,,,,712  억원,코스닥 1084위,7088782,500원  l  1주,7088782,3082162,43.48%,N/A  l  N/A,"23,850  l  8,860",N/A  l  -403원,N/A  l  N/A,"0.77배  l  13,028원",,106.06배,+0.22%,0.50%,,,,,
노바렉스 *,29600.0,150.0,-0.50%,29150.0,29250.0,291.0,9.0,24365.0,2022-07-12,노바렉스,194700,803.0,80.0,67.0,9.96,8.34,,,,,731.0,40.71,,,,,,"2,638  억원",코스닥 285위,9003740,500원  l  1주,9003740,102829,1.14%,"4.00매수  l  52,395","49,807  l  26,917","10.31배  l  2,843원","9.00배  l  3,391원","1.61배  l  18,194원",,106.06배,+0.22%,1.01%,,,,,
동성제약,7840.0,40.0,-0.51%,7870.0,7880.0,665.0,5.0,21275.0,2022-07-12,동성제약,002210,,,,,,,,,,,,,,,,,"2,036  억원",코스피 578위,26100970,"1,000원  l  1주",26100970,1238922,4.75%,N/A  l  N/A,"11,600  l  7,150",N/A  l  -193원,N/A  l  N/A,"4.03배  l  1,936원",,106.06배,+0.22%,,,,,,
종근당홀딩스,56300.0,300.0,-0.53%,56600.0,56800.0,158.0,8.0,3997.0,2022-07-12,종근당홀딩스,001630,,,,,,,,,,,,,,,,,"2,861  억원",코스피 463위,5009861,"2,500원  l  1주",5009861,301665,6.02%,N/A  l  N/A,"107,500  l  54,800","22.69배  l  2,516원",N/A  l  N/A,"0.53배  l  108,546원",,106.06배,+0.27%,2.45%,,,,,
녹십자,181000.0,1000.0,-0.55%,179500.0,182000.0,2449.0,446.0,30582.0,2022-07-12,녹십자,006280,4213.0,168.0,124.0,4.0,2.94,,,,,839.0,217.04,,,,,,"2조  1,328  억원",코스피 126위,11686538,"5,000원  l  1주",11686538,2672639,22.87%,"4.00매수  l  234,625","398,000  l  151,500","18.57배  l  9,827원","38.00배  l  4,743원","1.66배  l  110,167원",,106.06배,+0.22%,1.10%,,,,,
하나제약,17500.0,100.0,-0.57%,17350.0,17550.0,1729.0,30.0,15098.0,2022-07-12,하나제약,293480,538.0,117.0,91.0,21.75,16.91,,,,,512.0,34.37,,,,,,"3,092  억원",코스피 444위,17772946,500원  l  1주,17772946,233139,1.31%,"4.00매수  l  28,000","23,000  l  16,600","10.43배  l  1,668원",N/A  l  N/A,"1.21배  l  14,393원",,106.06배,+0.22%,2.93%,,,,,
압타바이오 *,16950.0,100.0,-0.59%,17300.0,17350.0,36755.0,628.0,217560.0,2022-07-12,압타바이오,293780,,,,,,,,,,,,,,,,,"3,813  억원",코스닥 168위,22298866,500원  l  1주,22298866,1059611,4.75%,N/A  l  N/A,"62,100  l  13,400",N/A  l  -456원,N/A  l  N/A,"6.39배  l  2,678원",,106.06배,+0.22%,,,,,,
코오롱생명과학 *,33250.0,200.0,-0.60%,33450.0,33700.0,1964.0,65.0,23575.0,2022-07-12,코오롱생명과학,102940,,,,,,,,,,,,,,,,,"3,829  억원",코스닥 165위,11412356,500원  l  1주,11412356,305374,2.68%,N/A  l  N/A,"46,450  l  28,300",N/A  l  -351원,N/A  l  N/A,"3.95배  l  8,489원",,106.06배,+0.27%,,,,,,
녹십자웰빙 *,8090.0,50.0,-0.61%,8140.0,8190.0,6966.0,57.0,73707.0,2022-07-12,녹십자웰빙,234690,,,,,,,,,,,,,,,,,"1,417  억원",코스닥 585위,17752276,500원  l  1주,17752276,248357,1.40%,N/A  l  N/A,"14,100  l  6,700",20.62배  l  387원,N/A  l  N/A,"1.61배  l  4,946원",,106.06배,+0.27%,1.00%,,,,,
진양제약 *,6090.0,40.0,-0.65%,6090.0,6130.0,3606.0,22.0,23606.0,2022-07-12,진양제약,007370,,,,,,,,,,,,,,,,,732  억원,코스닥 1063위,12000000,500원  l  1주,12000000,271645,2.26%,N/A  l  N/A,"9,230  l  5,220",6.97배  l  875원,N/A  l  N/A,"1.03배  l  5,896원",,106.06배,+0.22%,1.64%,,,,,
에이치엘사이언스 *,34850.0,250.0,-0.71%,34300.0,34850.0,161.0,6.0,2476.0,2022-07-12,에이치엘사이언스,239610,,,,,,,,,,,,,,,,,"1,852  억원",코스닥 427위,5392115,500원  l  1주,5392115,30753,0.57%,N/A  l  N/A,"40,350  l  26,750","15.00배  l  2,290원",N/A  l  N/A,"1.69배  l  20,344원",,106.06배,+0.22%,1.16%,,,,,
HK이노엔 *,40100.0,300.0,-0.74%,39600.0,39950.0,45086.0,1803.0,612182.0,2022-07-12,HK이노엔,195940,2105.0,146.0,89.0,6.92,4.23,,,,,255.0,158.34,,,,,,"1조  1,822  억원",코스닥 34위,28904499,500원  l  1주,28904499,680932,2.36%,"4.00매수  l  54,125","80,300  l  37,300",46.16배  l  886원,"29.00배  l  1,418원","1.03배  l  39,846원",,106.06배,+0.27%,0.78%,,,,,
JW생명과학,13300.0,100.0,-0.75%,13250.0,13450.0,219.0,2.0,12815.0,2022-07-12,JW생명과학,234080,468.0,80.0,62.0,17.01,13.17,,,,,,,,,,,,"2,098  억원",코스피 572위,15834554,"2,500원  l  1주",15834554,393559,2.49%,"4.00매수  l  19,000","19,250  l  12,050",17.48배  l  758원,N/A  l  N/A,"1.60배  l  8,291원",,106.06배,+0.26%,3.77%,,,,,
에스텍파마 *,7720.0,60.0,-0.77%,7700.0,7850.0,437.0,3.0,24669.0,2022-07-12,에스텍파마,041910,,,,,,,,,,,,,,,,,905  억원,코스닥 907위,11898263,500원  l  1주,11898263,220043,1.85%,N/A  l  N/A,"13,250  l  6,660",16.69배  l  456원,N/A  l  N/A,"0.72배  l  10,544원",,106.06배,+0.27%,1.31%,,,,,
팜스빌 *,12650.0,100.0,-0.78%,12450.0,12850.0,831.0,10.0,18148.0,2022-07-12,팜스빌,318010,,,,,,,,,,,,,,,,,999  억원,코스닥 823위,7929338,500원  l  1주,7929338,28800,0.36%,N/A  l  N/A,"19,850  l  9,500",20.26배  l  622원,N/A  l  N/A,"1.66배  l  7,580원",,106.06배,+0.22%,0.79%,,,,,
대봉엘에스 *,7500.0,60.0,-0.79%,7560.0,7600.0,2700.0,20.0,22241.0,2022-07-12,대봉엘에스,078140,242.0,34.0,,14.05,,,,,,271.0,27.94,,,,,,"1,041  억원",코스닥 804위,11086579,500원  l  1주,11086579,226792,2.05%,"4.00매수  l  13,000","11,850  l  6,860",13.59배  l  691원,N/A  l  N/A,"0.93배  l  10,147원",,106.06배,+0.22%,0.53%,,,,,
중앙백신 *,12200.0,100.0,-0.81%,12150.0,12300.0,532.0,7.0,13133.0,2022-07-12,중앙백신,072020,,,,,,,,,,,,,,,,,"1,210  억원",코스닥 694위,9960000,500원  l  1주,9960000,177514,1.78%,N/A  l  N/A,"18,300  l  11,200",14.75배  l  824원,N/A  l  N/A,"1.26배  l  9,657원",,106.06배,+0.27%,0.82%,,,,,
JW신약 *,3945.0,35.0,-0.88%,3980.0,4000.0,32865.0,129.0,468874.0,2022-07-12,JW신약,067290,,,,,,,,,,,,,,,,,"1,799  억원",코스닥 447위,46127437,500원  l  1주,46127437,1046179,2.27%,N/A  l  N/A,"6,250  l  3,192",81.25배  l  48원,N/A  l  N/A,"3.19배  l  1,224원",,106.06배,+0.27%,,,,,,
동구바이오제약 *,6670.0,60.0,-0.89%,6690.0,6700.0,10948.0,73.0,117072.0,2022-07-12,동구바이오제약,006620,,,,,,,,,,,,,,,,,"1,899  억원",코스닥 414위,28464992,500원  l  1주,28464992,192924,0.68%,N/A  l  N/A,"10,900  l  6,090",16.72배  l  399원,N/A  l  N/A,"1.89배  l  3,523원",,106.06배,+0.22%,1.50%,,,,,
광동제약,6410.0,60.0,-0.93%,6410.0,6450.0,2899.0,18.0,101897.0,2022-07-12,광동제약,009290,,,,,,,,,,,,,,,,,"3,365  억원",코스피 420위,52420851,"1,000원  l  1주",52420851,9862537,18.81%,N/A  l  N/A,"9,900  l  5,780",13.21배  l  486원,N/A  l  N/A,"0.52배  l  12,248원",,106.06배,+0.22%,1.56%,,,,,
대한약품 *,26500.0,250.0,-0.93%,26750.0,26850.0,2585.0,69.0,11930.0,2022-07-12,대한약품,023910,445.0,74.0,,16.63,,,,,,,,,,,,,"1,608  억원",코스닥 503위,6000000,500원  l  1주,6000000,939878,15.66%,"4.00매수  l  40,000","33,650  l  24,500","6.79배  l  3,948원",N/A  l  N/A,"0.78배  l  34,473원",,106.06배,+0.27%,1.49%,,,,,
옵티팜 *,8550.0,80.0,-0.93%,8410.0,8610.0,1297.0,11.0,25059.0,2022-07-12,옵티팜,153710,,,,,,,,,,,,,,,,,"1,256  억원",코스닥 660위,14669958,500원  l  1주,14669958,50084,0.34%,N/A  l  N/A,"17,950  l  7,950",N/A  l  -192원,N/A  l  N/A,"4.16배  l  2,057원",,106.06배,+0.27%,,,,,,
에이프로젠 H&G *,523.0,5.0,-0.95%,522.0,528.0,4801.0,3.0,117621.0,2022-07-12,에이프로젠 H&G,109960,,,,,,,,,,,,,,,,,933  억원,코스닥 882위,178695217,500원  l  1주,178695217,812798,0.45%,N/A  l  N/A,"1,130  l  470",23.73배  l  22원,N/A  l  N/A,"0.42배  l  1,248원",,106.06배,+0.22%,,,,,,
콜마비앤에이치 *,26150.0,250.0,-0.95%,26000.0,26400.0,3932.0,102.0,26818.0,2022-07-12,콜마비앤에이치,200130,1720.0,252.0,,14.65,,,,,,663.0,39.79,,,,,,"7,489  억원",코스닥 69위,29543558,500원  l  1주,29543558,593377,2.01%,"4.00매수  l  46,500","50,700  l  24,550","12.22배  l  2,075원",N/A  l  N/A,"1.93배  l  13,101원",,106.06배,+0.26%,1.52%,,,,,
대한뉴팜 *,10200.0,100.0,-0.97%,10150.0,10300.0,2542.0,26.0,45731.0,2022-07-12,대한뉴팜,054670,,,,,,,,,,,,,,,,,"1,450  억원",코스닥 570위,14354920,500원  l  1주,14354920,269418,1.88%,N/A  l  N/A,"14,400  l  9,320","6.22배  l  1,625원",N/A  l  N/A,"1.59배  l  6,369원",,106.06배,+0.22%,0.79%,,,,,
옵투스제약 *,6130.0,60.0,-0.97%,6150.0,6160.0,307.0,2.0,5599.0,2022-07-12,옵투스제약,131030,,,,,,,,,,,,,,,,,982  억원,코스닥 838위,16153162,500원  l  1주,16153162,615067,3.81%,N/A  l  N/A,"8,450  l  5,550",9.84배  l  618원,N/A  l  N/A,"0.76배  l  7,957원",,106.06배,+0.22%,1.64%,,,,,
서울제약 *,5040.0,50.0,-0.98%,5060.0,5090.0,1462.0,7.0,25298.0,2022-07-12,서울제약,018680,,,,,,,,,,,,,,,,,430  억원,코스닥 1370위,8524523,500원  l  1주,8524523,143822,1.69%,N/A  l  N/A,"12,250  l  4,100",N/A  l  -881원,N/A  l  N/A,"2.30배  l  2,198원",,106.06배,+0.22%,,,,,,
코미팜 *,7050.0,70.0,-0.98%,7130.0,7190.0,5767.0,41.0,92733.0,2022-07-12,코미팜,041960,,,,,,,,,,,,,,,,,"4,461  억원",코스닥 139위,64185876,100원  l  1주,64185876,2821477,4.40%,N/A  l  N/A,"13,050  l  6,730",N/A  l  -86원,N/A  l  N/A,"6.60배  l  1,053원",,106.06배,+0.27%,,,,,,
SK바이오팜,78400.0,800.0,-1.01%,78200.0,79000.0,4363.0,343.0,92955.0,2022-07-12,SK바이오팜,326030,538.0,-315.0,-295.0,-58.53,-54.83,,,,,-359.0,-220.57,,,,,,"6조  1,163  억원",코스피 51위,78313250,500원  l  1주,78313250,4547827,5.81%,"3.90매수  l  115,000","133,000  l  66,300","N/A  l  -1,269원","-61.00배  l  -1,290원","14.87배  l  5,251원",,106.06배,+0.26%,,,,,,
JW홀딩스,3395.0,35.0,-1.02%,3390.0,3465.0,958.0,3.0,19114.0,2022-07-12,JW홀딩스,096760,,,,,,,,,,,,,,,,,"2,381  억원",코스피 518위,70444706,500원  l  1주,70444706,1483624,2.11%,N/A  l  N/A,"4,566  l  3,069",N/A  l  -41원,N/A  l  N/A,"2.50배  l  1,352원",,106.06배,+0.22%,2.59%,,,,,
프레스티지바이오로직스 *,4365.0,45.0,-1.02%,4435.0,4495.0,5786.0,26.0,143476.0,2022-07-12,프레스티지바이오로직스,334970,,,,,,,,,,,,,,,,,"2,077  억원",코스닥 386위,47320139,500원  l  1주,47320139,9937226,21.00%,N/A  l  N/A,"17,600  l  3,955","N/A  l  -1,052원",N/A  l  N/A,"2.17배  l  2,019원",,106.06배,+0.22%,,,,,,
진바이오텍 *,4790.0,50.0,-1.03%,4815.0,4835.0,6459.0,31.0,44249.0,2022-07-12,진바이오텍,086060,,,,,,,,,,,,,,,,,403  억원,코스닥 1401위,8610587,500원  l  1주,8610587,321017,3.73%,N/A  l  N/A,"7,390  l  4,215",120.13배  l  39원,N/A  l  N/A,"0.91배  l  5,124원",,106.06배,+0.22%,,,,,,
비피도 *,8160.0,90.0,-1.09%,8250.0,8300.0,1807.0,15.0,21512.0,2022-07-12,비피도,238200,,,,,,,,,,,,,,,,,659  억원,코스닥 1143위,8180000,500원  l  1주,8180000,19877,0.24%,N/A  l  N/A,"19,900  l  7,190",N/A  l  -56원,N/A  l  N/A,"1.28배  l  6,277원",,106.06배,+0.26%,,,,,,
제일파마홀딩스,12500.0,150.0,-1.19%,12200.0,12700.0,710.0,8.0,26091.0,2022-07-12,제일파마홀딩스,002620,,,,,,,,,,,,,,,,,"1,957  억원",코스피 590위,15973355,500원  l  1주,15973355,1566679,9.81%,N/A  l  N/A,"24,750  l  10,500",N/A  l  -411원,N/A  l  N/A,"0.46배  l  26,587원",,106.06배,+0.22%,0.53%,,,,,
브릿지바이오테라퓨틱스 *,9100.0,110.0,-1.19%,9200.0,9490.0,5626.0,52.0,57841.0,2022-07-12,브릿지바이오테라퓨틱스,288330,,,,,,,,,,,,,,,,,"1,806  억원",코스닥 446위,19866425,500원  l  1주,19866425,230098,1.16%,N/A  l  N/A,"16,250  l  8,110","N/A  l  -1,586원",N/A  l  N/A,"5.31배  l  1,713원",,106.06배,+0.22%,,,,,,
동국제약 *,19400.0,250.0,-1.27%,19650.0,19700.0,3528.0,69.0,37035.0,2022-07-12,동국제약,086450,1679.0,192.0,148.0,11.46,8.82,,,,,281.0,69.98,,,,,,"8,603  억원",코스닥 56위,44460000,500원  l  1주,44460000,8202570,18.45%,"4.00매수  l  28,500","26,450  l  17,850","17.18배  l  1,126원","14.00배  l  1,387원","1.87배  l  10,332원",,106.06배,+0.26%,0.93%,,,,,
CMG제약 *,2635.0,35.0,-1.31%,2670.0,2690.0,52087.0,138.0,807354.0,2022-07-12,CMG제약,058820,,,,,,,,,,,,,,,,,"3,639  억원",코스닥 181위,138892244,500원  l  1주,138892244,9246979,6.66%,N/A  l  N/A,"5,130  l  2,330",174.67배  l  15원,N/A  l  N/A,"1.97배  l  1,333원",,106.06배,+0.26%,,,,,,
씨티씨바이오 *,8270.0,110.0,-1.31%,8330.0,8400.0,1454.0,12.0,34536.0,2022-07-12,씨티씨바이오,060590,,,,,,,,,,,,,,,,,"1,971  억원",코스닥 406위,24181020,500원  l  1주,24181020,636569,2.63%,N/A  l  N/A,"14,500  l  7,190",N/A  l  -101원,N/A  l  N/A,"2.00배  l  4,066원",,106.06배,+0.26%,,,,,,
삼성제약,3375.0,45.0,-1.32%,3435.0,3440.0,13606.0,46.0,215113.0,2022-07-12,삼성제약,001360,,,,,,,,,,,,,,,,,"2,280  억원",코스피 531위,67162079,500원  l  1주,67162079,3331615,4.96%,N/A  l  N/A,"7,930  l  3,035",N/A  l  -414원,N/A  l  N/A,"1.81배  l  1,874원",,106.06배,+0.22%,,,,,,
경동제약 *,8950.0,120.0,-1.32%,9000.0,9070.0,4807.0,43.0,99456.0,2022-07-12,경동제약,011040,,,,,,,,,,,,,,,,,"2,760  억원",코스닥 264위,30768766,500원  l  1주,30768766,1635897,5.32%,N/A  l  N/A,"17,650  l  7,960",22.48배  l  399원,N/A  l  N/A,"0.98배  l  9,179원",,106.06배,+0.26%,5.57%,,,,,
에스씨엠생명과학 *,11200.0,150.0,-1.32%,11050.0,11250.0,1084.0,12.0,48485.0,2022-07-12,에스씨엠생명과학,298060,,,,,,,,,,,,,,,,,"1,358  억원",코스닥 607위,12120570,500원  l  1주,12120570,750421,6.19%,N/A  l  N/A,"31,750  l  9,020","N/A  l  -1,743원",N/A  l  N/A,"3.42배  l  3,278원",,106.06배,+0.22%,,,,,,
제일약품,22150.0,300.0,-1.34%,22500.0,22600.0,4638.0,103.0,39045.0,2022-07-12,제일약품,271980,,,,,,,,,,,,,,,,,"3,228  억원",코스피 428위,14704872,500원  l  1주,14704872,395973,2.69%,N/A  l  N/A,"46,500  l  18,250","N/A  l  -1,025원",N/A  l  N/A,"1.96배  l  11,183원",,106.06배,+0.27%,0.30%,,,,,
에이디엠코리아 *,3285.0,45.0,-1.35%,3290.0,3320.0,17454.0,57.0,645812.0,2022-07-12,에이디엠코리아,187660,,,,,,,,,,,,,,,,,720  억원,코스닥 1071위,21836250,100원  l  1주,21836250,886751,4.06%,N/A  l  N/A,"8,330  l  2,705",49.18배  l  67원,N/A  l  N/A,"2.17배  l  1,517원",,106.06배,+0.26%,,,,,,
프롬바이오 *,9300.0,130.0,-1.38%,9480.0,9490.0,124696.0,1166.0,5946371.0,2022-07-12,프롬바이오,377220,,,,,,,,,,,,,,,,,"1,290  억원",코스닥 650위,14155000,100원  l  1주,14155000,42818,0.30%,N/A  l  N/A,"24,250  l  6,100",12.29배  l  741원,N/A  l  N/A,"1.47배  l  6,214원",,106.06배,+0.22%,,,,,,
코스맥스엔비티 *,4315.0,65.0,-1.48%,4300.0,4440.0,143.0,1.0,31491.0,2022-07-12,코스맥스엔비티,222040,,,,,,,,,,,,,,,,,870  억원,코스닥 935위,20628000,500원  l  1주,20628000,270266,1.31%,N/A  l  N/A,"11,500  l  4,045",N/A  l  -281원,N/A  l  N/A,"1.48배  l  2,856원",,106.06배,+0.27%,,,,,,
마이더스AI *,1985.0,30.0,-1.49%,2015.0,2040.0,45587.0,90.0,773306.0,2022-07-12,마이더스AI,222810,,,,,,,,,,,,,,,,,789  억원,코스닥 1007위,39330151,500원  l  1주,39330151,0,0.00%,N/A  l  N/A,"3,440  l  1,035",N/A  l  -357원,N/A  l  N/A,"1.64배  l  1,226원",,106.06배,+0.26%,,,,,,
삼천당제약 *,32700.0,500.0,-1.51%,32700.0,33050.0,9860.0,323.0,121001.0,2022-07-12,삼천당제약,000250,,,,,,,,,,,,,,,,,"7,377  억원",코스닥 74위,22768041,500원  l  1주,22768041,1582079,6.95%,N/A  l  N/A,"64,600  l  30,450",N/A  l  -460원,N/A  l  N/A,"4.07배  l  7,970원",,106.06배,+0.22%,,,,,,
메드팩토 *,26000.0,400.0,-1.52%,26400.0,26450.0,6993.0,183.0,146564.0,2022-07-12,메드팩토,235980,,,,,,,,,,,,,,,,,"5,488  억원",코스닥 109위,21065452,500원  l  1주,21065452,1516549,7.20%,"4.00매수  l  48,000","71,500  l  20,550",N/A  l  -982원,N/A  l  N/A,"9.04배  l  2,883원",,106.06배,+0.27%,,,,,,
뉴트리 *,12800.0,200.0,-1.54%,12850.0,12900.0,770.0,10.0,10888.0,2022-07-12,뉴트리,270870,,,,,,,,,,,,,,,,,"1,155  억원",코스닥 724위,9200224,500원  l  1주,9200224,239688,2.61%,N/A  l  N/A,"36,900  l  11,550","7.24배  l  1,734원",N/A  l  N/A,"1.17배  l  10,763원",,106.06배,+0.26%,1.99%,,,,,
HLB *,39850.0,650.0,-1.60%,40150.0,40200.0,113628.0,4523.0,1629752.0,2022-07-12,HLB,028300,,,,,,,,,,,,,,,,,"4조  3,662  억원",코스닥 3위,106882745,500원  l  1주,106882745,15093610,14.12%,N/A  l  N/A,"69,100  l  28,400",N/A  l  -897원,N/A  l  N/A,"10.16배  l  4,022원",,106.06배,+0.22%,,,,,,
삼아제약 *,14750.0,250.0,-1.67%,14850.0,14900.0,632.0,9.0,22887.0,2022-07-12,삼아제약,009300,,,,,,,,,,,,,,,,,943  억원,코스닥 877위,6370000,"1,000원  l  1주",6370000,203972,3.20%,N/A  l  N/A,"27,100  l  13,400","13.47배  l  1,099원",N/A  l  N/A,"0.52배  l  28,486원",,106.06배,+0.22%,1.69%,,,,,
휴온스 *,35350.0,600.0,-1.67%,35400.0,36200.0,937.0,33.0,11888.0,2022-07-12,휴온스,243070,1286.0,144.0,,11.2,,,,,,922.0,39.01,,,,,,"4,171  억원",코스닥 151위,11935549,500원  l  1주,11935549,2682982,22.48%,"4.00매수  l  64,000","59,629  l  33,400","13.64배  l  2,562원",N/A  l  N/A,"1.55배  l  22,601원",,106.06배,+0.26%,1.56%,,,,,
한국파마 *,27500.0,500.0,-1.79%,27800.0,27950.0,33934.0,933.0,753089.0,2022-07-12,한국파마,032300,,,,,,,,,,,,,,,,,"3,714  억원",코스닥 172위,10906701,500원  l  1주,10906701,120218,1.10%,N/A  l  N/A,"85,500  l  20,700",61.57배  l  553원,N/A  l  N/A,"6.47배  l  5,264원",,106.06배,+0.22%,0.15%,,,,,
박셀바이오 *,40900.0,800.0,-1.92%,40650.0,40700.0,14319.0,588.0,243100.0,2022-07-12,박셀바이오,323990,,,,,,,,,,,,,,,,,"6,295  억원",코스닥 89위,15223000,500원  l  1주,15223000,638167,4.19%,N/A  l  N/A,"102,700  l  31,750",N/A  l  -373원,N/A  l  N/A,"22.16배  l  1,866원",,106.06배,+0.22%,,,,,,
파마리서치 *,64200.0,1300.0,-1.98%,65500.0,67400.0,3949.0,255.0,59295.0,2022-07-12,파마리서치,214450,460.0,154.0,131.0,33.57,28.58,,,,,1256.0,52.15,,,,,,"6,371  억원",코스닥 86위,10111930,500원  l  1주,10111930,1182368,11.69%,"4.00매수  l  110,000","101,700  l  64,200","14.56배  l  4,327원","12.00배  l  5,058원","2.04배  l  30,893원",,106.06배,+0.22%,0.95%,,,,,
큐라클 *,18800.0,400.0,-2.08%,19300.0,19350.0,12259.0,232.0,176705.0,2022-07-12,큐라클,365270,,,,,,,,,,,,,,,,,"2,565  억원",코스닥 299위,13789968,500원  l  1주,13789968,66619,0.48%,N/A  l  N/A,"62,400  l  11,850",,N/A  l  N/A,,,106.06배,+0.26%,,N/A  l  -541원,"4.79배  l  3,886원",,,
고려제약 *,7510.0,160.0,-2.09%,7670.0,7690.0,6957.0,52.0,23854.0,2022-07-12,고려제약,014570,,,,,,,,,,,,,,,,,840  억원,코스닥 962위,11000000,500원  l  1주,11000000,133886,1.22%,N/A  l  N/A,"11,900  l  6,680",8.90배  l  858원,N/A  l  N/A,"1.06배  l  7,202원",,106.06배,+0.22%,2.22%,,,,,
바이젠셀 *,9780.0,210.0,-2.10%,9780.0,9790.0,31630.0,311.0,1630759.0,2022-07-12,바이젠셀,308080,,,,,,,,,,,,,,,,,"1,817  억원",코스닥 439위,19006060,500원  l  1주,19006060,83405,0.44%,N/A  l  N/A,"39,080  l  8,500",,N/A  l  N/A,,,106.06배,+0.22%,,N/A  l  -697원,"1.78배  l  5,370원",,,
HLB생명과학 *,12650.0,300.0,-2.32%,12500.0,12550.0,108971.0,1385.0,1517569.0,2022-07-12,HLB생명과학,067630,,,,,,,,,,,,,,,,,"1조  2,272  억원",코스닥 30위,95498081,500원  l  1주,95498081,6104683,6.39%,N/A  l  N/A,"23,000  l  9,310",N/A  l  -465원,N/A  l  N/A,"5.21배  l  2,467원",,106.06배,+0.27%,,,,,,
비씨월드제약 *,10100.0,250.0,-2.42%,10350.0,10400.0,3275.0,34.0,14875.0,2022-07-12,비씨월드제약,200780,,,,,,,,,,,,,,,,,907  억원,코스닥 905위,8892384,200원  l  1주,8892384,184064,2.07%,N/A  l  N/A,"23,050  l  8,950",36.30배  l  281원,N/A  l  N/A,"0.84배  l  12,164원",,106.06배,+0.27%,0.98%,,,,,
녹십자홀딩스2우,55600.0,1400.0,-2.46%,54500.0,56900.0,175.0,9.0,1791.0,2022-07-12,녹십자홀딩스2우,005257,,,,,,,,,,,,,,,,,463  억원,코스피 1042위,845990,500원  l  1주,845990,1466,0.17%,N/A  l  N/A,"100,000  l  38,000",67.61배  l  809원,N/A  l  N/A,"2.46배  l  22,231원",,106.06배,+0.22%,0.73%,,,,,
휴럼 *,1185.0,30.0,-2.47%,1225.0,1230.0,3515.0,4.0,182076.0,2022-07-12,휴럼,353190,,,,,,,,,,,,,,,,,447  억원,코스닥 1356위,38380420,100원  l  1주,38380420,227303,0.59%,N/A  l  N/A,"3,130  l  1,050",,N/A  l  N/A,,,106.06배,+0.22%,,N/A  l  -216원,1.28배  l  912원,,,
드림씨아이에스 *,13100.0,350.0,-2.60%,13350.0,13450.0,4087.0,54.0,30933.0,2022-07-12,드림씨아이에스,223250,,,,,,,,,,,,,,,,,764  억원,코스닥 1037위,5925720,500원  l  1주,5925720,35407,0.60%,N/A  l  N/A,"20,000  l  9,850",25.24배  l  511원,N/A  l  N/A,"1.79배  l  7,203원",,106.06배,+0.26%,,,,,,
바이온 *,1270.0,35.0,-2.68%,1300.0,1305.0,12332.0,16.0,56008.0,2022-07-12,바이온,032980,,,,,,,,,,,,,,,,,429  억원,코스닥 1372위,34293780,500원  l  1주,34293780,593351,1.73%,N/A  l  N/A,"3,711  l  1,170",N/A  l  -401원,N/A  l  N/A,1.29배  l  966원,,106.06배,+0.22%,,,,,,
네오이뮨텍 *,4280.0,125.0,-2.84%,4350.0,4405.0,71521.0,307.0,526526.0,2022-07-12,네오이뮨텍,950220,,,,,,,,,,,,,,,,,"4,266  억원",코스닥 147위,98741510,,98741510,9025164,9.14%,N/A  l  N/A,"12,750  l  3,610",N/A  l  -568원,N/A  l  N/A,"2.79배  l  1,550원",,106.06배,+0.22%,,,,,,
우진비앤지 *,2095.0,65.0,-3.01%,2140.0,2155.0,53924.0,113.0,709327.0,2022-07-12,우진비앤지,018620,,,,,,,,,,,,,,,,,611  억원,코스닥 1189위,28889293,500원  l  1주,28889293,459900,1.59%,N/A  l  N/A,"3,515  l  1,760",N/A  l  -29원,N/A  l  N/A,"1.99배  l  1,062원",,106.06배,+0.22%,,,,,,
HLB테라퓨틱스 *,12400.0,400.0,-3.12%,12750.0,12800.0,64406.0,799.0,499045.0,2022-07-12,HLB테라퓨틱스,115450,,,,,,,,,,,,,,,,,"4,042  억원",코스닥 158위,31335211,500원  l  1주,31335211,1545014,4.93%,N/A  l  N/A,"19,300  l  7,450",N/A  l  -582원,N/A  l  N/A,"3.36배  l  3,845원",,106.06배,+0.22%,,,,,,
더블유에스아이 *,1975.0,65.0,-3.19%,2015.0,2040.0,2316.0,5.0,36240.0,2022-07-12,더블유에스아이,299170,,,,,,,,,,,,,,,,,595  억원,코스닥 1206위,30027963,100원  l  1주,30027963,87168,0.29%,N/A  l  N/A,"3,470  l  1,675",8.57배  l  231원,N/A  l  N/A,"1.74배  l  1,137원",,106.06배,+0.26%,,,,,,
엔지켐생명과학 *,17700.0,650.0,-3.54%,17950.0,18250.0,9839.0,176.0,134865.0,2022-07-12,엔지켐생명과학,183490,,,,,,,,,,,,,,,,,"2,494  억원",코스닥 306위,13933768,500원  l  1주,13933768,1482469,10.64%,N/A  l  N/A,"92,426  l  14,850","N/A  l  -2,408원",N/A  l  N/A,"1.14배  l  15,762원",,106.06배,+0.22%,,,,,,
HLB제약 *,14500.0,650.0,-4.29%,14750.0,14800.0,66838.0,979.0,557586.0,2022-07-12,HLB제약,047920,,,,,,,,,,,,,,,,,"4,107  억원",코스닥 154위,27564264,500원  l  1주,27564264,132391,0.48%,N/A  l  N/A,"30,200  l  7,860",N/A  l  -550원,N/A  l  N/A,"5.08배  l  2,932원",,106.06배,+0.22%,,,,,,
